id,smiles,veber_pass,ghose_pass,egan_pass,muegge_pass,pains_flag,sa_score,tice_agro_pass,hazard_any,covalent_warhead_any,structural_alert_hits,green_chem_proxy,desirability
Propanolol,CC(C)NCC(O)COc1cccc2ccccc12,1,0,1,1,0,1.88,1,0,0,,1.774,0.7358
Terbutylchlorambucil,CC(C)(C)OC(=O)CCCc1ccc(N(CCCl)CCCl)cc1,1,1,1,1,1,1.077,1,0,1,haloacetamide_warhead,2.463,0.3346
40730,CC1COc2c(N3CCN(C)CC3)c(F)cc3c(=O)c(C(=O)O)cn1c23,1,1,1,1,0,2.637,1,0,0,cyp_pyridine_heme,3.268,0.6807
24,CC(=O)NCCCOc1cccc(CN2CCCCC2)c1,1,1,1,1,0,1.414,1,0,0,,1.701,0.7638
cloxacillin,Cc1onc(-c2ccccc2Cl)c1C(=O)N[C@@H]1C(=O)N2[C@@H]1SC(C)(C)[C@@H]2C(=O)O,1,1,1,1,0,3.288,1,0,0,,3.44,0.5847
cefoperazone,CCN1CCN(C(=O)N[C@@H](C(=O)N[C@@H]2C(=O)N3C(C(=O)O)=C(CSc4nnnn4C)CS[C@H]23)c2ccc(O)cc2)C(=O)C1=O,0,0,0,0,0,3.9,0,0,1,acrylamide_warhead,3.475,0.3651
rolitetracycline,CN(C)[C@@H]1C(=O)/C(=C(/O)NCN2CCCC2)C(=O)[C@@]2(O)C(=O)C3=C(O)c4c(O)cccc4[C@@](C)(O)[C@H]3C[C@@H]12,0,0,0,0,0,4.138,0,0,1,acrylamide_warhead,2.954,0.3283
ondansetron,Cc1nccn1CC1CCc2c(c3ccccc3n2C)C1=O,1,1,1,1,0,2.69,1,0,0,,2.479,0.7238
diltiazem,COc1ccc([C@@H]2Sc3ccccc3N(CCN(C)C)C(=O)[C@@H]2OC(C)=O)cc1,1,1,1,1,0,2.694,1,0,0,,2.333,0.7037
Amiloride,NC(N)=NC(=O)c1nc(Cl)c(N)nc1N,0,0,0,0,0,1.65,0,0,0,,3.6,0.5835
M2L-663581,CN1Cc2c(-c3noc(C(C)(O)CO)n3)ncn2-c2cccc(Cl)c2C1=O,1,1,1,1,0,2.837,1,0,0,,3.576,0.6306
alovudine,Cc1cn([C@H]2C[C@H](F)[C@@H](CO)O2)c(=O)[nH]c1=O,1,0,1,1,0,2.07,0,0,0,,2.855,0.6805
18,ClCCl,1,0,1,0,0,1.0,1,0,1,haloacetamide_warhead,3.2,0.6782
24959,CC(C)(C)NC(=O)C1CC2CCCCC2CN1CC(O)C(Cc1ccccc1)NC(=O)C(CC(N)=O)NC(=O)c1ccc2ccccc2n1,0,0,0,0,0,4.63,0,0,0,cyp_pyridine_heme,2.773,0.4974
methadone,CCC(=O)C(CC(C)N(C)C)(c1ccccc1)c1ccccc1,1,1,1,1,0,1.953,1,0,0,,1.556,0.7239
alfentanil,CCC(=O)N(c1ccccc1)C1(COC)CCN(CCn2nnn(CC)c2=O)CC1,1,1,1,1,0,1.907,1,0,0,,2.305,0.6673
BRL53080,CN(C)C(=O)C(CCN1CCC(O)(c2ccc(Cl)cc2)CC1)(c1ccccc1)c1ccccc1,1,0,1,0,0,2.666,1,0,0,,2.865,0.6518
hyoscyamine,CN1C2CCC1CC(OC(=O)[C@H](CO)c1ccccc1)C2,1,1,1,1,0,2.514,1,0,0,,2.001,0.6341
glyburide,COc1ccc(Cl)cc1C(=O)NCCc1ccc(S(=O)(=O)NC(=O)NC2CCCCC2)cc1,1,0,1,1,0,2.24,1,0,0,,2.996,0.5766
lamotrigine,Nc1nnc(-c2cccc(Cl)c2Cl)c(N)n1,1,0,1,1,0,2.02,1,0,0,,3.913,0.7233
2-Methylpentane,CCCC(C)C,1,0,1,0,0,1.0,1,0,0,,1.0,0.702
Dexamfetamine,C[C@H](N)Cc1ccccc1,1,0,1,0,0,1.4,1,0,0,,1.333,0.7005
SKF-93619,CN(C)Cc1ccc(CSCCNc2nc(=O)c(Cc3ccc4ccccc4c3)c[nH]2)o1,1,0,1,1,0,2.704,1,0,0,cyp_terminal_furan,2.632,0.5779
nadolol,CC(C)(C)NCC(O)COc1cccc2c1C[C@H](O)[C@H](O)C2,1,1,1,1,0,2.114,0,0,0,,1.764,0.5865
sufentanil,CCC(=O)N(c1ccccc1)C1(COC)CCN(CCc2cccs2)CC1,1,1,1,1,0,1.99,1,0,0,cyp_terminal_thiophene,2.056,0.7283
12,CCNC(=NC#N)NCCSCc1ncccc1Br,1,0,1,1,0,1.23,1,0,0,cyp_pyridine_heme,2.572,0.5983
zolpidem,Cc1ccc(-c2nc3ccc(C)cn3c2CC(=O)N(C)C)cc1,1,1,1,1,0,2.194,1,0,0,cyp_pyridine_heme,2.211,0.7147
clozapine,CN1CCN(C2=c3ccccc3=Nc3ccc(Cl)cc3N2)CC1,1,1,1,1,0,2.527,1,0,0,cyp_aniline,3.13,0.7983
Org12692,FC(F)(F)c1ccc(N2CCNCC2)nc1Cl,1,0,1,1,0,1.44,1,0,0,cyp_pyridine_heme,4.435,0.7832
piperacillin,CCN1CCN(C(=O)N[C@@H](C(=O)N[C@@H]2C(=O)N3[C@@H]2SC(C)(C)[C@@H]3C(=O)O)c2ccccc2)C(=O)C1=O,0,0,0,0,0,3.546,0,0,0,,2.901,0.468
Pentobarbital,CCCC(C)C1(CC)C(=O)NC(=O)NC1=O,1,0,1,1,0,1.047,1,0,0,,1.656,0.7162
Levofloxacin,C[C@H]1COc2c(N3CCN(C)CC3)c(F)cc3c(=O)c(C(=O)O)cn1c23,1,1,1,1,0,2.637,1,0,0,cyp_pyridine_heme,3.268,0.6388
compound 40,O=C(NCCCOc1cccc(CN2CCCCC2)c1)c1ccccc1,1,1,1,1,0,2.079,1,0,0,,2.034,0.7564
RO19-4603,CN1Cc2c(C(=O)OC(C)(C)C)ncn2-c2ccsc2C1=O,1,1,1,1,0,2.01,1,0,0,cyp_terminal_thiophene,2.535,0.6898
fentanyl,CCC(=O)N(c1ccccc1)C1CCN(CCc2ccccc2)CC1,1,1,1,1,0,2.059,1,0,0,,1.933,0.7638
etomidate,CCOC(=O)c1cncn1C(C)c1ccccc1,1,0,1,1,0,1.967,1,0,0,,2.038,0.7115
11a,CN(C)c1cc(-c2nc(N)n[nH]2)ccn1,1,0,1,1,0,1.733,0,0,0,cyp_pyridine_heme,2.622,0.7114
prochlorperazine,CN1CCN(CCCN2c3ccccc3Sc3ccc(Cl)cc32)CC1,1,1,1,1,0,2.42,1,0,0,,2.98,0.7826
2-(3'-Iodo-4'-aminophenyl)-6-hydroxybenzothiazole,Nc1ccc(-c2nc3ccc(O)cc3s2)cc1I,1,0,1,1,0,2.41,1,0,0,cyp_aniline,3.233,0.6368
compound 34,CC(=O)Nc1cccc(-c2csc(N=C(N)N)n2)c1,1,0,1,1,0,1.98,1,0,0,,2.639,0.6657
granisetron,CN1[C@@H]2CCC[C@H]1CC(NC(=O)c1nn(C)c3ccccc13)C2,1,1,1,1,0,2.943,1,0,0,,2.408,0.787
thiamphenicol,CS(=O)(=O)c1ccc([C@@H](O)[C@@H](CO)NC(=O)C(Cl)Cl)cc1,1,1,1,1,0,1.77,0,0,1,haloacetamide_warhead,3.252,0.5863
16,NC(N)=Nc1nc(-c2ccccc2)cs1,1,0,1,1,0,2.0,1,0,0,,2.6,0.693
mexiletine,Cc1cccc(C)c1OCC(C)N,1,0,1,0,0,1.315,1,0,0,,1.398,0.7162
dextropropoxyphene,CCC(=O)O[C@](Cc1ccccc1)(c1ccccc1)[C@H](C)CN(C)C,1,1,1,1,0,2.209,1,0,0,,1.633,0.6763
Nor-1-chlorpromazine,CNCCCN1c2ccccc2Sc2ccc(Cl)cc21,1,1,1,1,0,2.15,1,0,0,,2.8,0.7858
compound 37,CN(C)Cc1ccc(-c2cccc(NC3N=CC=C3[N+](=O)[O-])c2)o1,1,1,1,1,0,2.498,1,0,0,cyp_terminal_furan; cyp_aniline,2.587,0.6339
cefamandole,Cn1nnnc1SCC1=C(C(=O)O)N2C(=O)[C@@H](NC(=O)[C@H](O)c3ccccc3)[C@H]2SC1,0,1,0,0,0,3.37,0,0,1,acrylamide_warhead,3.191,0.4868
Y-G 15,CN(C)CCc1ccccn1,1,0,1,0,0,1.037,1,0,0,cyp_pyridine_heme,1.49,0.7142
Org13011,O=C1CCCN1CCCCN1CCN(c2cc(C(F)(F)F)ccn2)CC1,1,1,1,1,0,1.77,1,0,0,cyp_pyridine_heme,3.79,0.762
Quinidine,C=C[C@H]1CN2CC[C@H]1C[C@@H]2[C@@H](O)c1ccnc2ccc(OC)cc12,1,1,1,1,0,3.94,1,0,0,cyp_pyridine_heme,2.64,0.6752
38480,CCc1ccccc1,1,0,1,0,0,1.21,1,0,0,,1.1,0.6891
17,NC(N)=Nc1nc(-c2cccc(N)c2)cs1,1,0,1,1,0,2.02,1,0,0,cyp_aniline,2.725,0.6333
vinblastine,CC[C@]1(O)C[C@H]2CN(CCc3c([nH]c4ccccc34)[C@@](C(=O)OC)(c3cc4c(cc3OC)N(C)[C@H]3[C@@](O)(C(=O)OC)[C@H](OC(C)=O)[C@]5(CC)C=CCN6CC[C@]43[C@@H]65)C2)C1,0,0,0,0,0,8.526,0,0,0,,3.891,0.4583
Bacitracin,CCC(C)C(N)C1=NC(C(=O)N[C@@H](CC(C)C)C(=O)N[C@H](CCC(=O)O)C(=O)N[C@H](C(=O)NCCCC[C@@H]2NC(=O)[C@H](CC(N)=O)NC(=O)[C@@H](CC(=O)O)NC(=O)[C@H](Cc3cnc[nH]3)NC(=O)[C@@H](Cc3ccccc3)NC(=O)[C@H]([C@@H](C)CC)NC(=O)[C@@H](CCCN)NC2=O)[C@@H](C)CC)CS1,0,0,0,0,0,8.186,0,0,0,cyp_imidazole_heme,2.711,0.2544
Nor-2-chlorpromazine,NCCCN1c2ccccc2Sc2ccc(Cl)cc21,1,0,1,1,0,2.19,1,0,0,,2.872,0.8004
compound 36,CN(C)Cc1ccc(CSCCNc2[nH]cc(Cc3ccccc3)c2[N+](=O)[O-])o1,0,1,1,1,0,2.23,1,0,0,cyp_terminal_furan,2.461,0.5485
19,CNC(=NC#N)Nc1cccc(-c2csc(N=C(N)N)n2)c1,1,1,0,1,0,2.048,0,0,0,cyp_aniline,2.766,0.6077
Y-G 14,CNCCc1ccccn1,1,0,1,0,0,1.1,0,0,0,cyp_pyridine_heme,1.6,0.7115
sertraline,CN[C@H]1CC[C@@H](c2ccc(Cl)c(Cl)c2)c2ccccc21,1,1,1,0,0,2.597,1,0,0,,3.115,0.7367
vincristine,CC[C@]1(O)C[C@H]2CN(CCc3c([nH]c4ccccc34)[C@@](C(=O)OC)(c3cc4c(cc3OC)N(C=O)[C@H]3[C@@](O)(C(=O)OC)[C@H](OC(C)=O)[C@]5(CC)C=CCN6CC[C@]43[C@@H]65)C2)C1,0,0,0,0,0,8.572,0,0,0,,3.948,0.4289
SB-222200,CC[C@H](NC(=O)c1c(C)c(-c2ccccc2)nc2ccccc12)c1ccccc1,1,0,0,0,0,3.045,0,0,0,cyp_pyridine_heme,2.387,0.6355
SB-656104-A,O=S(=O)(c1ccc2cc[nH]c2c1)N1CCCC1CCN1CCC(Oc2cccc(Cl)c2)CC1,1,0,1,1,0,3.132,1,0,0,,3.375,0.6455
compound 38,CN(C)Cc1ccnc(-c2cccc(NC3N=CC=C3[N+](=O)[O-])c2)c1,1,1,1,1,0,2.533,1,0,0,cyp_pyridine_heme; cyp_aniline,2.562,0.6392
maprotiline,CNCCCC12CCC(c3ccccc31)c1ccccc12,1,1,1,1,0,2.69,1,0,0,,2.323,0.7868
compound 43,c1cc(CN2CCCCC2)cc(OCCCNc2nccs2)c1,1,1,1,1,0,1.91,1,0,0,,2.152,0.7496
MIL-663581,CN1Cc2c(-c3noc(C(C)(C)O)n3)ncn2-c2cccc(Cl)c2C1=O,1,1,1,1,0,2.567,1,0,0,,3.503,0.6568
cefotaxime,CO/N=C(\C(=O)N[C@H]1C(=O)N2C(C(=O)[O-])=C(COC(C)=O)CS[C@@H]12)c1csc(N)n1,0,0,0,0,0,2.7,0,0,1,acrylamide_warhead,3.0,0.4393
carbamazepine-10,NC(=O)N1c2ccccc2C2OC2c2ccccc21,1,0,1,1,0,3.12,1,0,1,epoxide_warhead,2.725,0.741
Cyclohexane,C1CCCCC1,1,0,1,0,0,1.0,1,0,0,,1.0,0.6959
2,Cc1csc(N=C(N)N)n1,1,0,1,0,0,1.31,0,0,0,,2.64,0.6333
SKF89124,CCCN(CCC)CCc1ccc(O)c2c1CC(=O)N2,1,1,1,1,0,1.425,1,0,0,,1.75,0.725
Org5222,CN1C[C@@H]2c3cc(Cl)ccc3Oc3ccccc3[C@@H]2C1,1,1,1,1,0,2.947,1,0,0,,2.915,0.7353
compound 35,CN(C)Cc1ccc(CSCCNC2N=CC=C2[N+](=O)[O-])o1,1,1,1,1,0,1.79,1,0,0,cyp_terminal_furan,2.291,0.5891
cefuroxime,CO/N=C(\C(=O)N[C@@H]1C(=O)N2C(C(=O)O)=C(COC(N)=O)CS[C@H]12)c1ccco1,0,0,0,0,0,2.755,0,0,1,acrylamide_warhead; cyp_terminal_furan,2.995,0.522
compound 45,c1cc(CN2CCCCC2)cc(OCCCNc2nc3ccccc3o2)c1,1,1,1,1,0,2.449,1,0,0,,2.428,0.718
Org4428,Cc1cccc2c1Oc1ccccc1[C@@]1(O)CCN(C)C[C@H]21,1,1,1,1,0,2.898,1,0,0,,2.314,0.7364
compound 32,O=[N+]([O-])C1=CC=NC1NCCSCc1ccccn1,1,0,1,1,0,1.93,1,0,0,cyp_pyridine_heme,2.439,0.5952
Bretyliumtosilate,CC[N+](C)(C)Cc1ccccc1Br,1,0,1,1,0,1.065,1,0,0,,1.898,0.7204
Y-G 20,NCCc1cn2ccccc2n1,1,0,1,0,0,1.673,0,0,0,cyp_pyridine_heme,2.172,0.7273
ornidazole,Cc1ncc([N+](=O)[O-])n1CC(O)CCl,1,0,1,1,0,1.194,0,0,1,haloacetamide_warhead,2.843,0.6153
SKF101468,CCCN(CCC)CCc1cccc2c1CC(=O)N2,1,0,1,1,0,1.405,1,0,0,,1.624,0.7589
Org30526,Clc1ccc2c(c1)[C@H]1CNC[C@H]1c1ccccc1O2,1,0,1,1,0,2.98,1,0,0,,2.974,0.7468
36,CN(C)CCC=C1c2ccccc2CCc2ccccc21,1,1,1,1,1,2.11,1,0,0,,1.803,0.3908
ceftriaxone,CO/N=C(\C(=O)N[C@@H]1C(=O)N2C(C(=O)O)=C(CSc3nc(=O)c(=O)[nH]n3C)CS[C@H]12)c1csc(N)n1,0,0,0,0,0,3.22,0,0,1,acrylamide_warhead,3.433,0.3659
compound 42,c1ccc(NCCCOc2cccc(CN3CCCCC3)c2)nc1,1,1,1,1,0,1.99,1,0,0,cyp_pyridine_heme,2.04,0.7629
Org32104,Cc1cccc2c1Oc1ccccc1[C@@]1(O)CCNC[C@H]21,1,1,1,1,0,2.92,1,0,0,,2.362,0.7416
compound 31,O=[N+]([O-])C1=CC=NC1NCCSCc1ncccc1Br,1,1,1,1,0,1.95,1,0,0,cyp_pyridine_heme,3.033,0.5837
SB204457,COc1cc2c(c(OC)c1OC)-c1ccc(OC)c(=O)cc1C(NC(C)=O)CC2,1,1,1,1,0,2.444,1,0,0,,2.333,0.7206
compound 41,OCCCOc1cccc(CN2CCCCC2)c1,1,0,1,1,0,1.34,1,0,0,,1.62,0.7168
clomethiazole,Cc1ncsc1CCCl,1,0,1,0,0,1.0,1,0,1,haloacetamide_warhead,2.4,0.7037
celiprolol,CCN(CC)C(=O)Nc1ccc(OCC(O)CNC(C)(C)C)c(C(C)=O)c1,1,1,1,1,0,1.42,1,0,0,,1.598,0.6454
"""1,1,1-Trifluro-2-chloroethane""",FC(F)(F)CCl,1,0,1,0,0,1.0,1,0,1,haloacetamide_warhead,4.2,0.693
33,CC(C)c1nc(-c2ncn3c2CN(C)C(=O)c2c(Cl)cccc2-3)no1,1,1,1,1,0,2.547,1,0,0,,3.425,0.6842
cefoxitin,CO[C@@]1(NC(=O)Cc2cccs2)C(=O)N2C(C(=O)O)=C(COC(N)=O)CS[C@@H]21,0,1,0,1,0,2.66,0,0,1,acrylamide_warhead; cyp_terminal_thiophene,2.886,0.4997
Org34167,C=CC[C@H](N)c1ccccc1-c1noc2ccccc12,1,1,1,1,0,2.559,1,0,0,,2.256,0.7303
9-OH Risperidone,Cc1nc2n(c(=O)c1CCN1CCC(c3noc4cc(F)ccc34)CC1)CCCC2O,1,1,1,1,0,2.994,1,0,0,,3.357,0.7277
acetaminophen,CC(=O)Nc1ccc(O)cc1,1,0,1,0,0,1.42,1,0,0,,2.018,0.6384
acetylsalicylate,CC(=O)Oc1ccccc1C(=O)O,1,0,1,0,0,1.477,1,0,0,,2.134,0.6278
allopurinol,O=c1ncnc2[nH][nH]cc1-2,1,0,1,0,0,1.9,0,0,0,,3.1,0.6402
Alprostadil,CCCCC[C@H](O)/C=C/[C@H]1[C@H](O)CC(=O)[C@@H]1CCCCCCC(=O)O,0,1,1,1,0,1.89,0,0,0,,1.26,0.5645
aminophylline,Cn1c(=O)c2[nH]cnc2n(C)c1=O,1,0,1,0,0,1.617,0,0,0,cyp_imidazole_heme,2.756,0.6692
Amiodarone,CCCCc1oc2ccccc2c1C(=O)c1cc(I)c(OCCN(CC)CC)c(I)c1,0,0,0,0,0,2.19,0,0,0,cyp_terminal_furan,3.161,0.4877
amoxicillin,CC1(C)S[C@@H]2[C@H](NC(=O)[C@H](N)c3ccc(O)cc3)C(=O)N2[C@H]1C(=O)O,1,1,0,1,0,3.025,0,0,0,,2.63,0.5349
ampicillin,CC1(C)S[C@@H]2[C@H](NC(=O)[C@H](N)c3ccccc3)C(=O)N2[C@H]1C(=O)O,1,1,1,1,0,3.005,0,0,0,,2.55,0.5616
androsan,C[C@]12CCC(=O)C=C1CC[C@@H]1[C@@H]2CC[C@@]2(C)[C@H]1CC[C@]2(C)O,1,1,1,1,0,3.32,1,0,1,acrylamide_warhead,1.793,0.6998
oxaflumazine,FC(F)(F)c1ccc2c(c1)N(CCCN1CCN(CCC3OCCCO3)CC1)c1ccccc1S2,1,0,1,0,0,2.804,0,0,0,,4.341,0.645
oxazepam,O=C1Nc2ccc(Cl)cc2C(c2ccccc2)=NC1O,1,1,1,1,0,2.62,1,0,0,,3.097,0.734
oxiperomide,O=c1[nH]c2ccccc2n1C1CCN(CCOc2ccccc2)CC1,1,1,1,1,0,2.48,1,0,0,cyp_imidazole_heme,2.52,0.7679
oxycodone,COc1ccc2c3c1O[C@H]1C(=O)CC[C@@]4(O)[C@@H](C2)N(C)CC[C@]314,1,1,1,1,0,4.077,1,0,0,,2.663,0.7281
oxymorphone,CN1CC[C@]23c4c5ccc(O)c4O[C@H]2C(=O)CC[C@@]3(O)[C@H]1C5,1,1,1,1,0,4.084,0,0,0,,2.711,0.7661
pecazine,CN1CCCC(CN2c3ccccc3Sc3ccccc32)C1,1,1,1,1,1,2.648,1,0,0,,2.314,0.3943
pemoline,NC1=NC(=O)C(c2ccccc2)O1,1,0,1,0,0,2.077,0,0,0,,2.434,0.7156
pentazocine,CC(C)=CCN1CC[C@@]2(C)c3cc(O)ccc3C[C@@H]1[C@H]2C,1,1,1,1,0,2.525,1,0,0,,1.723,0.7691
Ethionamide,CCc1cc(C(N)=S)ccn1,1,0,1,0,0,1.27,1,0,0,cyp_pyridine_heme,1.918,0.6954
Etoposide,COc1cc([C@@H]2c3cc4c(cc3[C@@H](O[C@@H]3O[C@@H]5CO[C@@H](C)O[C@H]5[C@H](O)[C@H]3O)C3COC(=O)[C@@H]32)OCO4)cc(OC)c1O,0,0,0,0,0,6.128,0,0,0,cyp_methylenedioxyphenyl,3.587,0.5237
Famotidine,NC(N)=Nc1nc(CSCCC(N)=NS(N)(=O)=O)cs1,0,0,0,0,0,1.3,0,0,0,,2.8,0.5418
Fluconazole,OC(Cn1cncn1)(Cn1cncn1)c1ccc(F)cc1F,1,1,1,1,0,2.213,0,0,0,,3.943,0.7236
Foscarnetsodium,O=C([O-])P(=O)([O-])[O-],1,0,1,0,0,1.14,0,0,0,,3.571,0.4905
Gabapentin,NCC1(CC(=O)O)CCCCC1,1,0,1,0,0,1.0,1,0,0,,1.339,0.5771
Nafcillin,CCOc1ccc2ccccc2c1C(=O)N[C@@H]1C(=O)N2[C@@H]1SC(C)(C)[C@@H]2C(=O)[O-],1,1,1,1,0,3.273,1,0,0,,2.723,0.6004
Nalidixicacid,CCn1cc(C(=O)O)c(=O)c2ccc(C)nc21,1,0,1,1,0,1.74,1,0,0,cyp_pyridine_heme,2.282,0.6419
Nelfinavir,Cc1c(O)cccc1C(=O)N[C@@H](CSc1ccccc1)[C@H](O)CN1C[C@H]2CCCC[C@H]2C[C@H]1C(=O)NC(C)(C)C,1,0,1,1,0,3.775,0,0,0,,2.35,0.5318
Astemizole,COc1ccc(CCN2CCC(Nc3nc4ccccc4n3Cc3ccc(F)cc3)CC2)cc1,1,0,1,0,0,3.044,1,0,0,,3.272,0.6367
atropine,CN1C2CCC1CC(OC(=O)C(CO)c1ccccc1)C2,1,1,1,1,0,2.514,1,0,0,,2.001,0.6484
Auxeomycin,CN(C)[C@@H]1C(=O)/C(=C(\N)O)C(=O)[C@@]2(O)C(=O)C3=C(O)c4c(O)ccc(Cl)c4[C@@](C)(O)[C@H]3C[C@@H]12,0,1,0,0,0,3.819,0,0,1,acrylamide_warhead,3.373,0.3842
Betamethasone,C[C@H]1C[C@H]2[C@@H]3CCC4=CC(=O)C=C[C@]4(C)[C@@]3(F)[C@@H](O)C[C@]2(C)[C@@]1(O)C(=O)CO,1,1,1,1,0,4.087,1,0,1,acrylamide_warhead,2.761,0.7355
carbenicillin,CC1(C)S[C@@H]2[C@H](NC(=O)C(C(=O)O)c3ccccc3)C(=O)N2[C@H]1C(=O)O,1,1,1,1,0,3.076,0,0,0,,2.609,0.5211
carbidopa,C[C@@](Cc1ccc(O)c(O)c1)(NN)C(=O)O,1,0,1,1,1,1.56,0,0,0,,2.185,0.2363
carteolol,CC(C)(C)NCC(O)COc1cccc2c1CCC(=O)N2,1,1,1,1,0,1.695,1,0,0,,1.864,0.6619
Cefazolin,Cc1nnc(SCC2=C(C(=O)[O-])N3C(=O)[C@@H](NC(=O)Cn4cnnn4)[C@H]3SC2)s1,0,0,0,0,0,2.966,0,0,1,acrylamide_warhead,3.409,0.4693
cephapirin,CC(=O)OCC1=C(C(=O)O)N2C(=O)[C@@H](NC(=O)CSc3ccncc3)[C@H]2SC1,1,1,1,1,0,2.686,0,0,1,acrylamide_warhead; cyp_pyridine_heme,2.796,0.4942
chlorambucil,O=C(O)CCCc1ccc(N(CCCl)CCCl)cc1,1,0,1,1,1,1.13,1,0,1,haloacetamide_warhead,2.689,0.3259
pergolide,CCCN1C[C@H](CSC)C[C@@H]2c3cccc4[nH]cc(c34)C[C@H]21,1,1,1,1,0,2.895,1,0,0,,2.146,0.8063
perlapine,CN1CCN(C2=Nc3ccccc3Cc3ccccc32)CC1,1,1,1,1,0,2.461,1,0,0,,2.356,0.7765
perphenazine-HCl,OCCN1CCN(CCCN2c3ccccc3Sc3ccc(Cl)cc32)CC1,1,1,1,1,0,2.426,1,0,0,,3.024,0.7726
pethidine,CCOC(=O)C1(c2ccccc2)CCN(C)CC1,1,0,1,1,0,1.42,1,0,0,,1.673,0.7581
phencyclidine,c1ccc(C2(N3CCCCC3)CCCCC2)cc1,1,0,1,1,0,1.634,1,0,0,,1.549,0.7793
phenelzine sulfate,NNCCc1ccccc1,1,0,1,0,0,1.25,0,0,0,,1.7,0.6607
phenobarbital,CCC1(c2ccccc2)C(=O)NC(=O)NC1=O,1,0,1,1,0,1.74,0,0,0,,2.282,0.7066
phenprobamate,NC(=O)OCCCc1ccccc1,1,0,1,0,0,1.25,1,0,0,,1.752,0.6986
physostigmine,CNC(=O)Oc1ccc2c(c1)[C@]1(C)CCN(C)[C@@H]1N2C,1,1,1,1,0,2.31,1,0,0,,2.223,0.7316
Norepinephrine,NCC(O)c1ccc(O)c(O)c1,1,0,1,0,1,1.54,0,0,0,,2.1,0.2642
Omeprazole,COc1ccc2nc(S(=O)Cc3ncc(C)c(OC)c3C)[nH]c2c1,1,1,1,1,0,2.427,1,0,0,cyp_imidazole_heme; cyp_pyridine_heme,2.54,0.6663
Oxacillin,Cc1onc(-c2ccccc2)c1C(=O)N[C@@H]1C(=O)N2[C@@H]1SC(C)(C)[C@@H]2C(=O)O,1,1,1,1,0,3.268,1,0,0,,2.87,0.6022
Pentostatin,OC[C@H]1O[C@@H](n2cnc3c2NC=NC[C@H]3O)C[C@@H]1O,1,0,1,1,0,2.666,0,0,0,,2.654,0.5449
Phenoxymethylpenicillin,CC1(C)S[C@@H]2[C@H](NC(=O)COc3ccccc3)C(=O)N2[C@H]1C(=O)[O-],1,0,1,1,0,2.755,0,0,0,,2.55,0.5902
chloramphenicol,O=C(NC(CO)C(O)c1ccc([N+](=O)[O-])cc1)C(Cl)Cl,1,1,1,1,0,1.814,0,0,1,haloacetamide_warhead,3.359,0.5564
chlorothiazide,NS(=O)(=O)c1cc2c(cc1Cl)NC=NS2(=O)=O,1,0,1,1,0,2.04,0,0,0,cyp_aniline,3.865,0.5858
chlorpropamide,CCCNC(=O)NS(=O)(=O)c1ccc(Cl)cc1,1,0,1,1,0,1.33,1,0,0,,2.795,0.6602
chlorthalidone,NS(=O)(=O)c1cc(C2(O)NC(=O)c3ccccc32)ccc1Cl,1,1,1,1,0,2.654,0,0,0,,3.434,0.6763
clofibrate,CCOC(=O)C(C)(C)Oc1ccc(Cl)cc1,1,0,1,1,0,1.17,1,0,0,,2.217,0.7084
clofibric acid,CC(C)(Oc1ccc(Cl)cc1)C(=O)O,1,0,1,1,0,1.27,1,0,0,,2.417,0.6592
clotrimazole,Clc1ccccc1C(c1ccccc1)(c1ccccc1)n1ccnc1,1,1,1,0,0,2.845,1,0,0,,3.024,0.6401
corticosterone,C[C@]12C[C@H](O)[C@H]3[C@@H](CCC4=CC(=O)CC[C@@]43C)[C@@H]1CC[C@@H]2C(=O)CO,1,1,1,1,0,3.679,1,0,1,acrylamide_warhead,2.032,0.7222
Cortisone,C[C@]12CCC(=O)C=C1CC[C@@H]1[C@@H]2C(=O)C[C@@]2(C)[C@H]1CC[C@]2(O)C(=O)CO,1,1,1,1,1,3.506,1,0,1,acrylamide_warhead,2.167,0.3302
piflutixol,OCCC1CCN(CC/C=C2\c3ccc(F)cc3Sc3ccc(C(F)(F)F)cc32)CC1,1,0,0,0,1,2.52,0,0,0,,4.544,0.3304
pimozide,O=c1[nH]c2ccccc2n1C1CCN(CCCC(c2ccc(F)cc2)c2ccc(F)cc2)CC1,1,0,1,0,0,3.044,0,0,0,cyp_imidazole_heme,3.772,0.6395
pinoxepin,OCCN1CCN(CC/C=C2/c3ccccc3COc3ccc(Cl)cc32)CC1,1,1,1,1,0,2.49,1,0,0,,2.923,0.7643
pipamperone,NC(=O)C1(N2CCCCC2)CCN(CCCC(=O)c2ccc(F)cc2)CC1,1,1,1,1,0,1.847,1,0,0,,2.571,0.763
prazepam,O=C1CN=C(c2ccccc2)c2cc(Cl)ccc2N1CC1CC1,1,1,1,1,0,2.544,1,0,0,,3.011,0.7712
pregnanolone,CC(=O)[C@H]1CC[C@H]2[C@@H]3CC[C@@H]4C[C@H](O)CC[C@]4(C)[C@H]3CC[C@]12C,1,1,1,1,0,3.717,1,0,0,,1.699,0.7243
primidone,CCC1(c2ccccc2)C(=O)NCNC1=O,1,0,1,1,0,1.62,0,0,0,,2.083,0.7151
procaine,CCN(CC)CCOC(=O)c1ccc(N)cc1,1,0,1,1,0,1.136,1,0,0,cyp_aniline,1.637,0.6524
procyclidine,OC(CCN1CCCC1)(c1ccccc1)C1CCCCC1,1,1,1,1,0,1.899,1,0,0,,1.638,0.7238
promazine,CN(C)CCCN1c2ccccc2Sc2ccccc21,1,1,1,1,1,2.097,1,0,0,,2.115,0.394
Pindolol,CC(C)NCC(O)COc1cccc2[nH]ccc12,1,0,1,1,0,1.796,1,0,0,,1.924,0.7107
Plicamycin,CO[C@H](C(=O)[C@@H](O)[C@@H](C)O)[C@@H]1Cc2cc3cc(O[C@H]4C[C@@H](O[C@H]5C[C@@H](O)[C@H](O)[C@@H](C)O5)[C@H](O)[C@@H](C)O4)c(C)c(O)c3c(O)c2C(=O)[C@H]1O[C@H]1C[C@@H](O[C@H]2C[C@@H](O[C@H]3C[C@](C)(O)[C@H](O)[C@@H](C)O3)[C@H](O)[C@@H](C)O2)[C@H](O)[C@@H](C)O1,0,0,0,0,0,10.0,0,0,0,,3.732,0.3226
Pravastatin,CC[C@H](C)C(=O)O[C@H]1C[C@H](O)C=C2C=C[C@H](C)[C@H](CC[C@@H](O)C[C@@H](O)CC(=O)O)[C@H]21,1,1,1,1,0,3.413,0,0,0,,1.709,0.5358
Praziquantel,O=C(C1CCCCC1)N1CC(=O)N2CCc3ccccc3C2C1,1,1,1,1,0,2.415,1,0,0,,2.259,0.7809
Trimethoprim,COc1cc(Cc2cnc(N)nc2N)cc(OC)c1OC,1,1,1,1,0,1.777,1,0,0,,2.371,0.7196
Trimetrexate,COc1cc(NCc2ccc3nc(N)nc(N)c3c2C)cc(OC)c1OC,1,1,1,1,1,2.274,1,0,0,cyp_aniline,2.578,0.3376
Trometamol,NC(CO)(CO)CO,1,0,1,0,0,1.0,0,0,0,,1.7,0.4925
Trovafloxacin,NC1[C@H]2CN(c3nc4c(cc3F)c(=O)c(C(=O)O)cn4-c3ccc(F)cc3F)C[C@@H]12,1,1,1,1,0,3.8,1,0,0,cyp_pyridine_heme,4.8,0.5917
Urea,NC(N)=O,1,0,1,0,0,1.08,0,0,0,,3.25,0.5952
coumarin,O=c1ccc2ccccc2o1,1,0,1,0,0,1.92,1,0,0,,2.145,0.592
dapsone,Nc1ccc(S(=O)(=O)c2ccc(N)cc2)cc1,1,0,1,1,0,2.04,1,0,0,cyp_aniline,2.482,0.6319
Dehydrocholic acid,C[C@H](CCC(=O)O)[C@H]1CC[C@H]2[C@@H]3C(=O)C[C@@H]4CC(=O)CC[C@]4(C)[C@H]3CC(=O)[C@]12C,1,1,1,1,0,3.98,1,0,0,,2.051,0.6594
dicumarol,O=c1c(Cc2c(O)oc3ccccc3c2=O)c(O)oc2ccccc12,1,1,1,1,0,2.837,1,0,0,,2.878,0.5849
dicyclomine,CCN(CC)CCOC(=O)C1(C2CCCCC2)CCCCC1,1,1,1,1,0,1.003,1,0,0,,1.251,0.7372
Diethylstilbestrol,CC/C(=C(/CC)c1ccc(O)cc1)c1ccc(O)cc1,1,1,1,1,0,1.833,1,0,0,,1.722,0.7041
Digitoxin,C[C@H]1O[C@@H](O[C@H]2[C@@H](O)C[C@H](O[C@H]3[C@@H](O)C[C@H](O[C@H]4CC[C@@]5(C)[C@H](CC[C@@H]6[C@@H]5CC[C@]5(C)[C@H](C7=CC(=O)OC7)CC[C@]65O)C4)O[C@@H]3C)O[C@@H]2C)C[C@H](O)[C@@H]1O,0,0,0,0,0,8.768,0,0,1,acrylamide_warhead,3.381,0.4933
Digoxin,C[C@H]1O[C@@H](O[C@H]2[C@@H](O)C[C@H](O[C@H]3[C@@H](O)C[C@H](O[C@H]4CC[C@@]5(C)[C@H](CC[C@@H]6[C@@H]5C[C@@H](O)[C@]5(C)[C@@H](C7=CC(=O)OC7)CC[C@]65O)C4)O[C@@H]3C)O[C@@H]2C)C[C@H](O)[C@@H]1O,0,0,0,0,0,9.038,0,0,1,acrylamide_warhead,3.422,0.4184
Domperidone,O=c1[nH]c2ccccc2n1CCCN1CCC(n2c(=O)[nH]c3cc(Cl)ccc32)CC1,1,1,1,1,0,2.914,1,0,0,cyp_imidazole_heme,3.509,0.6984
promethazine-HCl,CC(CN1c2ccccc2Sc2ccccc21)N(C)C,1,1,1,1,1,2.347,1,0,0,,2.115,0.3945
propiomazine,CCC(=O)c1ccc2c(c1)N(CC(C)N(C)C)c1ccccc1S2,1,1,1,1,0,2.36,1,0,0,,2.12,0.738
propofol,CC(C)c1cccc(C(C)C)c1O,1,0,1,0,0,1.01,1,0,0,,1.131,0.7112
protriptyline,CNCCCC1c2ccccc2C=Cc2ccccc21,1,1,1,1,0,2.134,1,0,0,,1.839,0.7808
pyridazinone,O=c1cc[nH]nc1,1,0,1,0,0,1.49,0,0,0,,2.586,0.6398
quazepam,Fc1ccccc1C1=NCC(=S)N(CC(F)(F)F)c2ccc(Cl)cc21,1,1,1,0,0,2.338,1,0,0,,5.219,0.6865
rescinnamine,COC(=O)[C@H]1[C@H]2C[C@@H]3c4[nH]c5cc(OC)ccc5c4CCN3C[C@H]2C[C@@H](OC(=O)/C=C/c2cc(OC)c(OC)c(OC)c2)[C@@H]1OC,1,0,1,0,1,4.937,0,0,1,acrylamide_warhead,3.129,0.2418
reserpine,COC(=O)[C@H]1[C@H]2C[C@@H]3c4[nH]c5cc(OC)ccc5c4CCN3C[C@H]2C[C@@H](OC(=O)c2cc(OC)c(OC)c(OC)c2)[C@@H]1OC,1,0,1,0,1,4.862,0,0,0,,3.138,0.2616
secobarbital,C=CCC1(C(C)CCC)C(=O)NC(=O)NC1=O,1,0,1,1,0,1.24,1,0,0,,1.716,0.6972
spiclomazine,O=C1CSC2(CCN(CCCN3c4ccccc4Sc4ccc(Cl)cc43)CC2)N1,1,1,1,1,0,3.439,1,0,0,,3.397,0.76
Atovaquone,O=C1C(=O)c2ccccc2C(O)=C1C1CCC(c2ccc(Cl)cc2)CC1,1,1,1,0,1,2.593,1,0,1,acrylamide_warhead,2.943,0.3343
Azelaicacid,O=C(O)CCCCCCCC(=O)O,1,0,1,0,0,1.0,1,0,0,,1.301,0.6281
Azithromycin,CC[C@H]1OC(=O)[C@H](C)[C@@H](O[C@H]2C[C@@](C)(OC)[C@@H](O)[C@H](C)O2)C(C)[C@@H](O[C@@H]2O[C@H](C)C[C@H](N(C)C)[C@H]2O)[C@](C)(O)C[C@@H](C)CN(C)[C@H](C)[C@@H](O)[C@]1(C)O,0,0,0,0,0,7.222,0,0,0,,1.929,0.3924
Bethanechol,CC(C[N+](C)(C)C)OC(N)=O,1,0,1,0,0,1.0,0,0,0,,1.405,0.677
Bromocriptine,CC(C)C[C@H]1C(=O)N2CCC[C@H]2[C@]2(O)O[C@](NC(=O)[C@@H]3C=C4c5cccc6[nH]c(Br)c(c56)C[C@H]4N(C)C3)(C(C)C)C(=O)N12,1,0,1,0,0,5.097,0,0,0,,3.892,0.6255
Buprenorphine,CO[C@]12CC[C@@]3(C[C@@H]1[C@](C)(O)C(C)(C)C)[C@H]1Cc4ccc(O)c5c4[C@@]3(CCN1CC1CC1)[C@H]2O5,1,0,1,0,0,6.478,1,0,0,,3.207,0.7532
dopamine,NCCc1ccc(O)c(O)c1,1,0,1,0,1,1.27,0,0,0,,1.918,0.2825
doxorubicin,COc1cccc2c1C(=O)c1c(O)c3c(c(O)c1C2=O)C[C@@](O)(C(=O)CO)C[C@@H]3O[C@H]1C[C@H](N)[C@H](O)[C@H](C)O1,0,0,0,0,1,4.497,0,0,0,,3.068,0.1794
doxycycline,C[C@H]1c2cccc(O)c2C(O)=C2C(=O)[C@]3(O)C(=O)/C(=C(/N)O)C(=O)[C@@H](N(C)C)[C@@H]3[C@@H](O)[C@@H]21,0,0,0,0,0,4.049,0,0,1,acrylamide_warhead,2.81,0.3885
Dyclonine,CCCCOc1ccc(C(=O)CCN2CCCCC2)cc1,1,1,1,1,0,1.387,1,0,0,,1.54,0.7024
Econazole,Clc1ccc(COC(Cn2ccnc2)c2ccc(Cl)cc2Cl)cc1,1,0,1,0,0,2.58,0,0,0,,4.017,0.6324
enkephalin,CC(C)[C@H](NC(=O)[C@H](Cc1ccccc1)NC(=O)CNC(=O)[C@@H](C)NC(=O)[C@@H](N)Cc1ccc(O)cc1)C(N)=O,0,0,0,0,0,3.029,0,0,0,,2.186,0.4129
Ephedrine,CN[C@@H](C)[C@H](O)c1ccccc1,1,0,1,0,0,1.61,1,0,0,,1.48,0.6018
epinephrine,CNC[C@H](O)c1ccc(O)c(O)c1,1,0,1,0,1,1.46,0,0,0,,1.956,0.2631
erythromycin,CC[C@H]1OC(=O)[C@H](C)[C@@H](O[C@H]2C[C@@](C)(OC)[C@@H](O)[C@H](C)O2)[C@H](C)[C@@H](O[C@@H]2O[C@H](C)C[C@H](N(C)C)[C@H]2O)[C@](C)(O)C[C@@H](C)C(=O)[C@H](C)[C@@H](O)[C@]1(C)O,0,0,0,0,0,7.235,0,0,0,,1.967,0.3921
estradiol,C[C@]12CC[C@@H]3c4ccc(O)cc4CC[C@H]3[C@@H]1CC[C@@H]2O,1,1,1,1,0,3.25,1,0,0,,1.967,0.6568
tacrine,Nc1c2c(nc3ccccc13)CCCC2,1,0,1,0,0,1.981,1,0,0,cyp_pyridine_heme,2.054,0.7636
temazepam,CN1C(=O)C(O)N=C(c2ccccc2)c2cc(Cl)ccc21,1,1,1,1,0,2.57,1,0,0,,3.014,0.7536
tetrabenzine,COc1cc2c(cc1OC)C1CC(=O)C(CC(C)C)CN1CC2,1,1,1,1,0,2.252,1,0,0,,1.916,0.7253
thc,CCCCCc1cc(O)c2c(c1)OC(C)(C)[C@@H]1CCC(C)=C[C@@H]21,1,0,1,0,0,2.267,0,0,0,,1.666,0.6512
thebaine,COC1=CC=C2[C@H]3Cc4ccc(OC)c5c4[C@@]2(CCN3C)[C@H]1O5,1,1,1,1,0,3.992,1,0,0,,2.643,0.7728
thiethylperazine,CCSc1ccc2c(c1)N(CCCN1CCN(C)CC1)c1ccccc1S2,1,1,1,0,0,2.395,1,0,0,,2.392,0.7179
thioridazine,CSc1ccc2c(c1)N(CCC1CCCCN1C)c1ccccc1S2,1,0,0,0,0,2.636,0,0,0,,2.337,0.7157
thiothixene,CN1CCN(CC/C=C2\c3ccccc3Sc3ccc(S(=O)(=O)N(C)C)cc32)CC1,1,1,1,1,1,2.53,1,0,0,,2.587,0.3483
tranylcypromine,N[C@@H]1C[C@H]1c1ccccc1,1,0,1,0,0,2.0,1,0,0,,1.633,0.7312
trazodone,O=c1n(CCCN2CCN(c3cccc(Cl)c3)CC2)nc2ccccn12,1,1,1,1,0,2.478,1,0,0,cyp_pyridine_heme,3.213,0.7492
Busulfan,CS(=O)(=O)OCCCCOS(C)(=O)=O,1,0,1,1,0,1.0,0,0,0,,1.914,0.5925
Cefradine,CC1=C(C(=O)O)N2C(=O)[C@@H](NC(=O)[C@H](N)C3=CCC=CC3)[C@H]2SC1,1,1,1,1,0,2.755,0,0,1,acrylamide_warhead,2.55,0.507
Chloroquine,CCN(CC)CCCC(C)Nc1ccnc2cc(Cl)ccc12,1,1,1,1,0,1.79,1,0,0,cyp_pyridine_heme,2.245,0.7504
Cisapride,COc1cc(N)c(Cl)cc1C(=O)NC1CCN(CCCOc2ccc(F)cc2)CC1OC,1,1,1,1,0,2.668,1,0,0,cyp_aniline,3.396,0.6613
Cladribine,Nc1nc(Cl)nc2c1ncn2[C@H]1C[C@H](O)[C@@H](CO)O1,1,0,1,1,0,2.58,0,0,0,,3.421,0.636
Clidiniumbromide,C[N+]12CCC(CC1)C(OC(=O)C(O)(c1ccccc1)c1ccccc1)C2,1,1,1,1,0,3.029,1,0,0,,2.634,0.637
estrone,C[C@]12CC[C@@H]3c4ccc(O)cc4CC[C@H]3[C@@H]1CCC2=O,1,1,1,1,0,3.067,1,0,0,,2.011,0.7461
Ethacrynic acid,C=C(CC)C(=O)c1ccc(OCC(=O)O)c(Cl)c1Cl,1,0,1,1,0,1.453,1,0,1,acrylamide_warhead,3.063,0.6116
ethinylestradiol,C#C[C@]1(O)CC[C@H]2[C@@H]3CCc4cc(O)ccc4[C@H]3CC[C@@]21C,1,1,1,1,0,3.37,1,0,0,,1.993,0.65
fenoterol,CC(Cc1ccc(O)cc1)NCC(O)c1cc(O)cc(O)c1,1,1,1,1,0,2.287,0,0,0,,2.047,0.5641
floxuridine,O=c1[nH]c(=O)n([C@H]2C[C@H](O)[C@@H](CO)O2)cc1F,1,0,1,1,0,2.123,0,0,0,,3.067,0.6035
Flucloxacillin,Cc1onc(-c2c(F)cccc2Cl)c1C(=O)N[C@@H]1C(=O)N2[C@@H]1SC(C)(C)[C@@H]2C(=O)O,1,1,1,1,0,3.308,1,0,0,,4.005,0.5925
fluorouracil,O=c1[nH]cc(F)c(=O)[nH]1,1,0,1,0,0,1.53,0,0,0,,3.467,0.6124
furosemide,NS(=O)(=O)c1cc(C(=O)O)c(NCc2ccco2)cc1Cl,1,1,1,1,0,2.02,0,0,0,cyp_terminal_furan; cyp_aniline,3.319,0.61
ganciclovir,Nc1nc(=O)c2ncn(COC(CO)CO)c2[nH]1,1,0,0,1,0,1.527,0,0,0,,2.744,0.5893
glycopyrrolate,C[N+]1(C)CCC(OC(=O)C(O)(c2ccccc2)C2CCCC2)C1,1,1,1,1,0,2.252,1,0,0,,1.916,0.6588
trifluperidol,O=C(CCCN1CCC(O)(c2cccc(C(F)(F)F)c2)CC1)c1ccc(F)cc1,1,1,1,1,0,2.139,1,0,0,,4.297,0.7053
triflupromazine,CN(C)CCCN1c2ccccc2Sc2ccc(C(F)(F)F)cc21,1,1,1,0,0,2.13,1,0,0,,3.883,0.7402
trifluroperazine,CN1CCN(CCCN2c3ccccc3Sc3ccc(C(F)(F)F)cc32)CC1,1,1,1,1,0,2.446,1,0,0,,4.107,0.7694
trihexyphenidyl,OC(CCN1CCCCC1)(c1ccccc1)C1CCCCC1,1,1,1,1,0,1.9,1,0,0,,1.613,0.747
trimetozine,COc1cc(C(=O)N2CCOCC2)cc(OC)c1OC,1,1,1,1,0,1.5,1,0,0,,2.1,0.7411
trimipramine,CC(CN(C)C)CN1c2ccccc2CCc2ccccc21,1,1,1,1,0,2.26,1,0,0,,1.853,0.7866
tybamate,CCCCNC(=O)OCC(C)(CCC)COC(N)=O,1,0,1,1,0,1.0,1,0,0,,1.27,0.6698
uridine,O=c1ccn(C2OC(CO)C(O)C2O)c(=O)[nH]1,1,0,1,0,0,2.373,0,0,0,,2.567,0.5691
valproicacid,CCCC(CCC)C(=O)O,1,0,1,0,0,1.0,1,0,0,,1.0,0.6897
zimelidine,CN(C)C/C=C(/c1ccc(Br)cc1)c1cccnc1,1,0,1,1,0,1.855,1,0,0,cyp_pyridine_heme,2.424,0.7435
Clofazimine,CC(C)N=c1cc2n(-c3ccc(Cl)cc3)c3ccccc3nc-2cc1Nc1ccc(Cl)cc1,1,0,0,0,0,3.277,0,0,0,cyp_aniline,3.957,0.5846
Colchicine,COc1cc2c(c(OC)c1OC)-c1ccc(OC)c(=O)cc1[C@@H](NC(C)=O)CC2,1,1,1,1,0,2.444,1,0,0,,2.333,0.7167
Cromoglicicacid,O=C(O)c1cc(=O)c2cc(OCC(O)COc3cccc4oc(C(=O)O)cc(=O)c34)ccc2o1,0,1,0,0,0,3.173,0,0,0,,3.066,0.5106
Cycloserine,NC1CONC1=O,1,0,1,0,0,1.0,0,0,0,,2.481,0.6119
Hydroxycarbamide,NC(=O)NO,1,0,1,0,0,1.1,0,0,0,,3.4,0.5162
Ipratropiumbromide,CC(C)[N+]1(C)C2CCC1CC(OC(=O)C(CO)c1ccccc1)C2,1,1,1,1,0,2.5,1,0,0,,1.88,0.6602
guanabenz,NC(N)=N/N=C/c1c(Cl)cccc1Cl,1,0,1,1,0,1.63,1,0,0,,3.586,0.6321
guanethidinesulfate,NC(N)=NCCN1CCCCCCC1,1,0,1,0,0,1.35,0,0,0,,1.437,0.7079
homatropine,CN1C2CCC1CC(OC(=O)C(O)c1ccccc1)C2,1,1,1,1,0,2.525,1,0,0,,2.05,0.6606
hydralazine,NNc1nncc2ccccc12,1,0,1,0,0,1.94,0,0,0,,2.6,0.6533
Hydrochlorothiazide,NS(=O)(=O)c1cc2c(cc1Cl)NCNS2(=O)=O,1,0,1,1,0,1.869,0,0,0,cyp_aniline,3.75,0.5569
Hydrocortisone,C[C@]12CCC(=O)C=C1CC[C@@H]1[C@@H]2[C@@H](O)C[C@@]2(C)[C@H]1CC[C@]2(O)C(=O)CO,1,1,1,1,0,3.699,1,0,1,acrylamide_warhead,2.129,0.6872
hydroflumethiazide,NS(=O)(=O)c1cc2c(cc1C(F)(F)F)NCNS2(=O)=O,1,1,1,1,0,1.8,0,0,0,cyp_aniline,4.7,0.5648
ibuprofen,CC(C)Cc1ccc(C(C)C(=O)O)cc1,1,0,1,1,0,1.346,1,0,0,,1.331,0.6478
indomethacin,COc1ccc2c(c1)c(CC(=O)O)c(C)n2C(=O)c1ccc(Cl)cc1,1,1,1,1,0,2.361,1,0,0,,2.994,0.6519
35,CN1Cc2c(-c3noc([C@](C)(O)CO)n3)ncn2-c2cccc(Cl)c2C1=O,1,1,1,1,0,2.837,1,0,0,,3.576,0.613
1-48,C=C1Cc2c(CCN(CCC)CCC)ccc(O)c2N1,1,1,1,1,0,1.465,1,0,0,cyp_aniline,1.626,0.7297
9-OH-risperidone,Cc1nc2n(c(=O)c1CCN1CCC(c3noc4cc(F)ccc34)CC1)CCC[C@H]2O,1,1,1,1,0,2.994,1,0,0,,3.357,0.6993
Alprazolam,Cc1nnc2n1-c1ccc(Cl)cc1C(c1ccccc1)=NC2,1,1,1,1,0,2.699,1,0,0,,3.288,0.737
BCNU,O=NN(CCCl)C(=O)NCCCl,1,0,1,1,0,1.0,1,0,1,haloacetamide_warhead,3.11,0.6483
Itraconazole,CCC(C)n1ncn(-c2ccc(N3CCN(c4ccc(OC[C@H]5CO[C@](Cn6cncn6)(c6ccc(Cl)cc6Cl)O5)cc4)CC3)cc2)c1=O,0,0,1,0,1,4.734,0,0,0,,4.66,0.248
Kanamycin,NCC1OC(OC2C(N)CC(N)C(OC3OC(CO)C(O)C(N)C3O)C2O)C(O)C(O)C1O,0,0,0,0,0,5.26,0,0,0,,2.464,0.3681
Ketoprofen,CC(C(=O)O)c1cccc(C(=O)c2ccccc2)c1,1,0,1,1,0,2.18,1,0,0,,1.974,0.651
Ketorolac,O=C(c1ccccc1)c1ccc2n1CCC2C(=O)O,1,0,1,1,0,2.44,1,0,0,,2.372,0.6703
Metaraminol,C[C@H](N)[C@H](O)c1cccc(O)c1,1,0,1,0,0,1.69,0,0,0,,1.783,0.549
isoniazid,NNC(=O)c1ccncc1,1,0,1,0,0,1.55,0,0,0,cyp_pyridine_heme,2.5,0.5704
Isoproterenol,CC(C)NCC(O)c1ccc(O)c(O)c1,1,0,1,1,1,1.355,0,0,0,,1.736,0.2745
Isoquercitrin,O=c1c(O[C@@H]2O[C@H](CO)[C@@H](O)[C@H](O)[C@H]2O)c(-c2ccc(O)c(O)c2)oc2cc(O)cc(O)c12,0,0,0,0,1,3.967,0,0,0,,3.062,0.2015
Ketoconazole,CC(=O)N1CCN(c2ccc(OC[C@H]3CO[C@](Cn4ccnc4)(c4ccc(Cl)cc4Cl)O3)cc2)CC1,1,0,1,1,1,3.508,0,0,0,,4.026,0.3119
labetalol,CC(CCc1ccccc1)NCC(O)c1ccc(O)c(C(N)=O)c1,1,1,1,1,0,2.301,0,0,0,,1.972,0.6046
levodopa,N[C@@H](Cc1ccc(O)c(O)c1)C(=O)O,1,0,1,0,1,1.613,0,0,0,,2.194,0.265
mannitol,OCC(O)C(O)C(O)C(O)CO,1,0,1,0,0,1.04,0,0,0,,1.7,0.453
Meclocycline,C=C1c2c(Cl)ccc(O)c2C(O)=C2C(=O)C3(O)C(=O)/C(=C(/N)O)C(=O)C(N(C)C)C3C(O)C12,0,1,0,0,0,3.928,0,0,1,acrylamide_warhead,3.445,0.3916
Meclofenamate,Cc1ccc(Cl)c(Nc2ccccc2C(=O)O)c1Cl,1,0,1,1,0,1.994,1,0,0,cyp_aniline,3.332,0.6704
Mefenamic_acid,Cc1cccc(Nc2ccccc2C(=O)O)c1C,1,0,1,1,0,1.9,1,0,0,cyp_aniline,1.993,0.6731
Cimetidine,CN=C(NC#N)NCCSCc1nc[nH]c1C,1,0,1,1,1,1.09,0,0,0,cyp_imidazole_heme,2.135,0.271
Clonidine,Clc1cccc(Cl)c1NC1=NCCN1,1,0,1,1,0,1.713,1,0,0,cyp_aniline,3.494,0.7205
Didanosine,O=c1nc[nH]c2c1ncn2[C@H]1CC[C@@H](CO)O1,1,0,1,1,0,2.29,0,0,0,,2.735,0.6783
Metoprolol,COCCc1ccc(OCC(O)CNC(C)C)cc1,1,0,1,1,0,1.26,1,0,0,,1.452,0.628
Metronidazole,Cc1ncc([N+](=O)[O-])n1CCO,1,0,1,0,0,1.0,0,0,0,,2.4,0.6381
Mifepristone,CC#C[C@]1(O)CC[C@H]2[C@@H]3CCC4=CC(=O)CCC4=C3[C@@H](c3ccc(N(C)C)cc3)C[C@@]21C,1,1,1,0,1,3.978,1,0,1,acrylamide_warhead,2.34,0.3142
Minocycline,CN(C)c1ccc(O)c2c1C[C@H]1C[C@H]3[C@H](N(C)C)C(O)=C(C(N)=O)C(=O)[C@@]3(O)C(O)=C1C2=O,0,1,0,0,0,3.538,0,0,1,acrylamide_warhead,2.761,0.493
Moclobemide,O=C(NCCN1CCOCC1)c1ccc(Cl)cc1,1,0,1,1,0,1.506,1,0,0,,2.564,0.7773
Propanthelinebromide,CC(C)[N+](C)(CCOC(=O)C1c2ccccc2Oc2ccccc21)C(C)C,1,1,1,1,0,2.068,1,0,0,,1.997,0.5832
Pyrazinamide,NC(=O)c1cnccn1,1,0,1,0,0,1.53,0,0,0,,2.633,0.6306
Pyridostigminebromide,CN(C)C(=O)Oc1ccc[n+](C)c1,1,0,1,0,0,1.21,0,0,0,cyp_pyridine_heme,1.956,0.6629
Pyrimethamine,CCc1nc(N)nc(N)c1-c1ccc(Cl)cc1,1,0,1,1,0,1.84,1,0,0,,2.849,0.7414
Quinine,C=C[C@H]1CN2CC[C@@H]1C[C@H]2[C@H](O)c1ccnc2ccc(OC)cc12,1,1,1,1,0,3.94,1,0,0,cyp_pyridine_heme,2.64,0.6786
melphalan,NC(Cc1ccc(N(CCCl)CCCl)cc1)C(=O)O,1,0,1,1,1,1.426,1,0,1,haloacetamide_warhead,2.878,0.3138
mepenzolatebromide,C[N+]1(C)CCCC(OC(=O)C(O)(c2ccccc2)c2ccccc2)C1,1,1,1,1,0,2.343,1,0,0,,2.075,0.6312
mepiramine,COc1ccc(CN(CCN(C)C)c2ccccn2)cc1,1,1,1,1,0,1.696,1,0,0,cyp_pyridine_heme,1.889,0.7274
mequitazine,c1ccc2c(c1)Sc1ccccc1N2CC1CN2CCC1CC2,1,1,1,1,1,3.33,1,0,0,,2.871,0.3942
mestranol,C#C[C@]1(O)CC[C@H]2[C@@H]3CCc4cc(OC)ccc4[C@H]3CC[C@@]21C,1,1,1,1,0,3.367,1,0,0,,1.966,0.6877
methantheline,CC[N+](C)(CC)CCOC(=O)C1c2ccccc2Oc2ccccc21,1,1,1,1,0,2.093,1,0,0,,2.075,0.591
methotrexate,CN(Cc1cnc2nc(N)nc(N)c2n1)c1ccc(C(=O)N[C@@H](CCC(=O)O)C(=O)O)cc1,0,1,0,0,0,2.66,0,0,0,,2.882,0.5055
Methyclothiazide,CN1C(CCl)Nc2cc(Cl)c(S(N)(=O)=O)cc2S1(=O)=O,1,1,1,1,0,1.95,0,0,1,haloacetamide_warhead; cyp_aniline,3.983,0.5814
methyldopa,C[C@](N)(Cc1ccc(O)c(O)c1)C(=O)O,1,0,1,1,1,1.54,0,0,0,,2.06,0.2671
Icotidine,COc1cccnc1CCCCNc1ncc(Cc2ccc(C)nc2)c(=O)[nH]1,1,1,1,1,0,2.21,1,0,0,cyp_pyridine_heme,2.383,0.6316
Lupitidine,Cc1ccc(Cc2cnc(NCCSCc3ccc(C(C)(C)N)o3)[nH]c2=O)cn1,1,1,1,1,0,2.173,1,0,0,cyp_pyridine_heme; cyp_terminal_furan,2.423,0.6056
Mianserin,CN1CCN2c3ccccc3Cc3ccccc3C2C1,1,1,1,1,0,2.65,1,0,0,,2.233,0.7737
Midazolam,Cc1ncc2n1-c1ccc(Cl)cc1C(c1ccccc1F)=NC2,1,1,1,1,0,2.727,1,0,0,,3.763,0.7362
Ritonavir,CC(C)c1nc(CN(C)C(=O)N[C@H](C(=O)N[C@@H](Cc2ccccc2)C[C@H](O)[C@H](Cc2ccccc2)NC(=O)OCc2cncs2)C(C)C)cs1,0,0,0,0,0,3.881,0,0,0,,2.634,0.3841
Saquinavir,CC(C)(C)NC(=O)[C@@H]1C[C@@H]2CCCC[C@@H]2CN1C[C@@H](O)[C@H](Cc1ccccc1)NC(=O)[C@H](CC(N)=O)NC(=O)c1ccc2ccccc2n1,0,0,0,0,0,4.63,0,0,0,cyp_pyridine_heme,2.773,0.4691
Sevoflurane,FCOC(C(F)(F)F)C(F)(F)F,1,0,1,1,0,1.0,1,0,0,,5.7,0.731
Sodiumamidotrizoate,CC(=O)Nc1c(I)c(NC(C)=O)c(I)c(C(=O)[O-])c1I,1,0,1,0,0,1.532,0,0,0,,4.005,0.5535
Sotalol,CC(C)NCC(O)c1ccc(NS(C)(=O)=O)cc1,1,0,1,1,0,1.36,1,0,0,cyp_aniline,1.9,0.66
Stavudine,Cc1cn([C@H]2C=C[C@@H](CO)O2)c(=O)[nH]c1=O,1,0,1,1,0,2.04,0,0,0,,2.405,0.6306
Streptomycin,CN[C@@H]1[C@H](O[C@H]2[C@H](O[C@H]3[C@H](O)[C@@H](O)[C@H](N=C(N)N)[C@@H](O)[C@@H]3N=C(N)N)O[C@@H](C)[C@]2(O)C=O)O[C@@H](CO)[C@H](O)[C@H]1O,0,0,0,0,0,5.571,0,0,0,,2.639,0.2754
Sulfadiazine,Nc1ccc(S(=O)(=O)Nc2ncccn2)cc1,1,0,1,1,0,2.04,0,0,0,cyp_aniline,2.835,0.6469
Sulfafurazole,Cc1noc(NS(=O)(=O)c2ccc(N)cc2)c1C,1,0,1,1,0,1.842,1,0,0,cyp_aniline,2.621,0.6572
Methylprednisolone,C[C@H]1C[C@@H]2[C@H]([C@@H](O)C[C@@]3(C)[C@H]2CC[C@]3(O)C(=O)CO)[C@@]2(C)C=CC(=O)C=C12,1,1,1,1,0,4.067,1,0,1,acrylamide_warhead,2.174,0.638
Miconazole,Clc1ccc(COC(Cn2ccnc2)c2ccc(Cl)cc2Cl)c(Cl)c1,1,0,0,0,0,2.6,0,0,0,,4.607,0.5899
nandrolone,C[C@]12CC[C@H]3[C@@H](CCC4=CC(=O)CC[C@@H]43)[C@@H]1CC[C@@H]2O,1,1,1,1,0,3.3,1,0,1,acrylamide_warhead,1.833,0.6812
neodicoumarol,CCOC(=O)C(c1c(O)oc2ccccc2c1=O)c1c(O)oc2ccccc2c1=O,1,1,1,1,0,2.836,0,0,0,,2.891,0.5685
Nicotinyl alcohol,OCc1cccnc1,1,0,1,0,0,1.31,0,0,0,cyp_pyridine_heme,1.917,0.6657
norethindrone,C#C[C@]1(O)CC[C@H]2[C@@H]3CCC4=CC(=O)CC[C@@H]4[C@H]3CC[C@@]21C,1,1,1,1,0,3.44,1,0,1,acrylamide_warhead,1.873,0.6652
norfenefrine,NCC(O)c1cccc(O)c1,1,0,1,0,0,1.52,0,0,0,,1.918,0.5728
nylidrin,CC(CCc1ccccc1)NC(C)C(O)c1ccc(O)cc1,1,1,1,1,0,2.448,1,0,0,,1.714,0.6538
Oxandrolone,C[C@]12COC(=O)C[C@@H]1CC[C@@H]1[C@@H]2CC[C@@]2(C)[C@H]1CC[C@]2(C)O,1,1,1,1,0,3.453,1,0,0,,1.851,0.6544
Oxaprozin,O=C(O)CCc1nc(-c2ccccc2)c(-c2ccccc2)o1,1,1,1,1,0,2.357,1,0,0,,2.357,0.7009
Mirtazapine,CN1CCN2c3ncccc3Cc3ccccc3C2C1,1,1,1,1,0,2.626,1,0,0,cyp_pyridine_heme,2.368,0.7745
Nevirapine,Cc1ccnc2c1NC(=O)c1cccnc1N2C1CC1,1,1,1,1,0,2.48,1,0,0,cyp_pyridine_heme,2.737,0.7473
Ranitidine,CN/C(=C\[N+](=O)[O-])NCCSCc1ccc(CN(C)C)o1,1,1,1,1,0,1.124,1,0,0,cyp_terminal_furan,2.012,0.5862
Sulfamethoxazole,Cc1cc(NS(=O)(=O)c2ccc(N)cc2)no1,1,0,1,1,0,1.92,1,0,0,cyp_aniline,2.755,0.6575
Tamoxifen,CC/C(=C(\c1ccccc1)c1ccc(OCCN(C)C)cc1)c1ccccc1,1,0,0,0,0,2.333,0,0,0,,1.93,0.6385
Ticarcillin,CC1(C)S[C@@H]2[C@H](NC(=O)[C@H](C(=O)[O-])c3ccsc3)C(=O)N2[C@H]1C(=O)[O-],1,0,1,0,0,2.99,0,0,0,cyp_terminal_thiophene,2.727,0.5177
Topotecan,CC[C@@]1(O)C(=O)OCc2c1cc1n(c2=O)Cc2cc3c(CN(C)C)c(O)ccc3nc2-1,1,1,1,1,1,3.203,1,0,0,cyp_pyridine_heme,2.996,0.279
Zalcitabine,Nc1ccn([C@H]2CC[C@@H](CO)O2)c(=O)n1,1,0,1,1,0,1.833,0,0,0,,2.356,0.6393
Zonisamide,NS(=O)(=O)Cc1noc2ccccc12,1,0,1,1,0,1.83,0,0,0,,2.786,0.6742
AmphotericinB,C[C@@H]1[C@H](O)[C@@H](C)\C=C/C=C\C=C/C=C\C=C/C=C\C=C/[C@H](O[C@@H]2O[C@H](C)[C@@H](O)[C@H](N)[C@@H]2O)C[C@@H]2O[C@](O)(C[C@@H](O)C[C@@H](O)[C@H](O)CC[C@@H](O)C[C@@H](O)CC(=O)O[C@H]1C)C[C@H](O)[C@H]2C(=O)O,0,0,0,0,0,8.109,0,0,0,,2.203,0.3315
Calcium-folinate,Nc1nc(=O)c2c([nH]1)NCC(CNc1ccc(C(=O)N[C@@H](CCC(=O)[O-])C(=O)[O-])cc1)N2C=O,0,0,0,0,0,2.87,0,0,0,cyp_aniline,2.895,0.4494
oxytetracycline,CN(C)[C@@H]1C(=O)/C(=C(\N)O)C(=O)[C@@]2(O)C(=O)C3=C(O)c4c(O)cccc4[C@@](C)(O)[C@H]3[C@H](O)[C@@H]12,0,0,0,0,0,4.069,0,0,1,acrylamide_warhead,2.873,0.3443
papaverine,COc1ccc(Cc2nccc3cc(OC)c(OC)cc23)cc1OC,1,1,1,1,0,2.25,1,0,0,cyp_pyridine_heme,2.3,0.6911
penicillin G,CC1(C)S[C@@H]2[C@H](NC(=O)Cc3ccccc3)C(=O)N2[C@H]1C(=O)O,1,1,1,1,0,2.735,0,0,0,,2.463,0.5866
phenacetin,CCOc1ccc(NC(C)=O)cc1,1,0,1,0,0,1.25,1,0,0,,1.752,0.6992
phenazopyridine,Nc1ccc(N=Nc2ccccc2)c(N)n1,1,0,1,1,1,2.02,1,0,0,cyp_pyridine_heme,2.538,0.364
pheniramine,CN(C)CCC(c1ccccc1)c1ccccn1,1,0,1,1,0,1.935,1,0,0,cyp_pyridine_heme,1.683,0.7441
Phenolphthalein,O=C1OC(c2ccc(O)cc2)(c2ccc(O)cc2)c2ccccc21,1,1,1,1,0,2.82,1,0,0,,2.66,0.7437
phenoxybenzamine,CC(COc1ccccc1)N(CCCl)Cc1ccccc1,1,1,1,1,0,1.97,1,0,1,haloacetamide_warhead,2.262,0.7267
Phenylbutazone,CCCCC1C(=O)N(c2ccccc2)N(c2ccccc2)C1=O,1,1,1,1,1,2.194,1,0,0,,2.211,0.3759
pirbuterol,CC(C)(C)NCC(O)c1ccc(O)c(CO)n1,1,0,1,1,0,1.24,0,0,0,cyp_pyridine_heme,1.716,0.6255
Risperidone,Cc1nc2n(c(=O)c1CCN1CCC(c3noc4cc(F)ccc34)CC1)CCCC2,1,1,1,1,0,2.724,1,0,0,,3.283,0.7376
Phenserine,CN1CC[C@@]2(C)c3cc(OC(=O)Nc4ccccc4)ccc3N(C)[C@@H]12,1,1,1,1,0,2.98,1,0,0,,2.52,0.7061
Temelastine,Cc1ccc(Cc2cnc(NCCCCc3ncc(Br)cc3C)[nH]c2=O)cn1,1,1,1,1,0,2.21,1,0,0,cyp_pyridine_heme,2.883,0.6284
Tibolone,C#C[C@]1(O)CC[C@H]2[C@@H]3[C@H](C)CC4=C(CCC(=O)C4)[C@H]3CC[C@@]21C,1,1,1,1,0,3.446,1,0,0,,1.851,0.638
Ceftazidime,CC(C)(O/N=C(\C(=O)N[C@@H]1C(=O)N2C(C(=O)[O-])=C(C[n+]3ccccc3)CS[C@H]12)c1csc(N)n1)C(=O)O,0,0,0,0,0,3.258,0,0,1,acrylamide_warhead; cyp_pyridine_heme,3.162,0.3661
Flucytosine,Nc1[nH]c(=O)ncc1F,1,0,1,0,0,1.53,0,0,0,,3.467,0.6406
Guanadrel,NC(N)=NCC1COC2(CCCCC2)O1,1,0,1,1,0,1.77,0,0,0,,1.88,0.71
Lomustine,O=NN(CCCl)C(=O)NC1CCCCC1,1,0,1,1,0,1.0,1,0,1,haloacetamide_warhead,2.289,0.6771
Mesna,O=S(=O)([O-])CCS,1,0,1,0,0,1.0,0,0,0,,2.343,0.5176
Streptozotocin,CN(N=O)C(=O)N[C@@H]1[C@@H](O)[C@H](O)[C@@H](CO)O[C@@H]1O,0,0,0,0,0,1.91,0,0,0,,2.267,0.4594
Teniposide,COc1cc([C@@H]2c3cc4c(cc3[C@@H](OC3OC5COC(c6cccs6)OC5C(O)C3O)[C@H]3COC(=O)[C@H]23)OCO4)cc(OC)c1O,0,0,0,0,0,6.657,0,0,0,cyp_methylenedioxyphenyl; cyp_terminal_thiophene,3.938,0.5044
Thiotepa,S=P(N1CC1)(N1CC1)N1CC1,1,0,1,0,0,1.07,0,0,0,,2.464,0.6953
Vancomycin,CN[C@H](CC(C)C)C(=O)NC1C(=O)N[C@@H](CC(N)=O)C(=O)N[C@H]2C(=O)N[C@H]3C(=O)N[C@H](C(=O)N[C@@H](C(=O)O)c4cc(O)cc(O)c4-c4cc3ccc4O)[C@H](O)c3ccc(c(Cl)c3)Oc3cc2cc(c3O[C@@H]2O[C@H](CO)[C@@H](O)[C@H](O)[C@H]2O[C@H]2C[C@](C)(N)[C@H](O)[C@H](C)O2)Oc2ccc(cc2Cl)[C@H]1O,0,0,0,0,0,10.0,0,0,0,,6.3,0.2701
Polythiazide,CN1C(CSCC(F)(F)F)Nc2cc(Cl)c(S(N)(=O)=O)cc2S1(=O)=O,1,1,1,1,0,1.905,1,0,0,cyp_aniline,4.916,0.5838
prednisolone,C[C@]12C=CC(=O)C=C1CC[C@@H]1[C@@H]2[C@@H](O)C[C@@]2(C)[C@H]1CC[C@]2(O)C(=O)CO,1,1,1,1,0,3.813,1,0,1,acrylamide_warhead,2.205,0.6741
prednisone,C[C@]12C=CC(=O)C=C1CC[C@@H]1[C@@H]2C(=O)C[C@@]2(C)[C@H]1CC[C@]2(O)C(=O)CO,1,1,1,1,0,3.62,1,0,1,acrylamide_warhead,2.244,0.6928
probenecid,CCCN(CCC)S(=O)(=O)c1ccc(C(=O)O)cc1,1,0,1,1,0,1.176,1,0,0,,1.878,0.6132
progesterone,CC(=O)[C@H]1CC[C@H]2[C@@H]3CCC4=CC(=O)CC[C@]4(C)[C@H]3CC[C@]12C,1,1,1,1,0,3.389,1,0,1,acrylamide_warhead,1.813,0.727
proscillaridin,CC1OC(O[C@@H]2C=C3CC[C@@H]4[C@H](CC[C@]5(C)[C@@H](c6ccc(=O)oc6)CC[C@]45O)[C@@]3(C)CC2)C(O)C(O)C1O,1,0,1,1,0,5.94,0,0,0,,2.818,0.5507
puromycin,COc1ccc(C[C@H](N)C(=O)NC2[C@@H](O)[C@H](n3cnc4c(N(C)C)ncnc43)O[C@@H]2CO)cc1,0,0,0,0,0,3.785,0,0,0,,2.895,0.5284
ribavirin,NC(=O)c1ncn([C@@H]2O[C@H](CO)[C@@H](O)[C@H]2O)n1,0,0,0,0,0,2.29,0,0,0,,2.688,0.541
Tiotidine,CN=C(NC#N)NCCSCc1csc(N=C(N)N)n1,1,1,0,1,0,1.27,0,0,0,,2.48,0.5188
Zolantidine,c1cc(CN2CCCCC2)cc(OCCCNc2nc3ccccc3s2)c1,1,1,1,0,0,2.449,1,0,0,,2.428,0.679
1-hydroxymidazolam,OCc1ncc2n1-c1ccc(Cl)cc1C(c1ccccc1F)=NC2,1,1,1,1,0,2.747,1,0,0,,3.861,0.7431
111-trichloroethane,CC(Cl)(Cl)Cl,1,0,1,0,0,1.0,1,0,1,haloacetamide_warhead,3.5,0.6965
2-methylpropanol,CC(C)CO,1,0,1,0,0,1.0,0,0,0,,1.0,0.652
"""2,2-dimethylbutane""",CCC(C)(C)C,1,0,1,0,0,1.0,1,0,0,,1.0,0.6895
Vidarabine,Nc1ncnc2c1ncn2C1OC(CO)C(O)C1O,1,0,0,1,0,2.83,0,0,0,,2.921,0.6121
Bis-hydroxylated-L-663581,CN1Cc2c(-c3noc(C(C)(CO)CO)n3)ncn2-c2cccc(Cl)c2C1=O,1,1,1,1,0,2.56,1,0,0,,3.505,0.6407
Thioperamide,S=C(NC1CCCCC1)N1CCC(c2cnc[nH]2)CC1,1,1,1,1,0,1.57,1,0,0,cyp_imidazole_heme,2.063,0.7807
rifampin,COC1C=COC2(C)Oc3c(C)c(O)c4c(O)c(c(C=NN5CCN(C)CC5)c(O)c4c3C2=O)NC(=O)C(C)=CC=CC(C)C(O)C(C)C(O)C(C)C(OC(C)=O)C1C,0,0,0,0,1,6.688,0,0,1,acrylamide_warhead,3.186,0.1874
salicylic acid,O=C(O)c1ccccc1O,1,0,1,0,0,1.55,1,0,0,,2.2,0.58
scopolamine,CN1[C@@H]2CC(OC(=O)[C@H](CO)c3ccccc3)C[C@H]1[C@@H]1O[C@@H]12,1,1,1,1,0,3.634,0,0,1,epoxide_warhead,2.411,0.5878
Spironolactone,CC(=O)S[C@@H]1CC2=CC(=O)CC[C@]2(C)[C@H]2CC[C@@]3(C)[C@@H](CC[C@@]34CCC(=O)O4)[C@H]12,1,1,1,1,0,4.73,1,0,1,acrylamide_warhead,2.384,0.7132
Stanozolol,C[C@]12Cc3cn[nH]c3C[C@@H]1CC[C@@H]1[C@@H]2CC[C@@]2(C)[C@H]1CC[C@]2(C)O,1,1,1,1,0,3.951,1,0,0,,2.189,0.7409
sulfasalazine,O=C(O)C1=C/C(=N\Nc2ccc(S(=O)(=O)Nc3ccccn3)cc2)C=CC1=O,1,1,0,1,1,2.61,0,0,1,acrylamide_warhead; cyp_pyridine_heme; cyp_aniline,2.971,0.2656
Terconazole,CC(C)N1CCN(c2ccc(OC[C@H]3CO[C@](Cn4cncn4)(c4ccc(Cl)cc4Cl)O3)cc2)CC1,1,0,1,1,1,3.416,0,0,0,,3.964,0.3181
testolactone,C[C@]12C=CC(=O)C=C1CC[C@@H]1[C@@H]2CC[C@]2(C)OC(=O)CC[C@@H]12,1,1,1,1,0,3.269,1,0,1,acrylamide_warhead,2.062,0.6995
testosterone,C[C@]12CC[C@H]3[C@@H](CCC4=CC(=O)CC[C@@]43C)[C@@H]1CC[C@@H]2O,1,1,1,1,0,3.309,1,0,1,acrylamide_warhead,1.812,0.6841
TetraCycline,CN(C)[C@@H]1C(=O)/C(=C(\N)O)C(=O)[C@@]2(O)C(=O)C3=C(O)c4c(O)cccc4[C@@](C)(O)[C@H]3C[C@@H]12,0,1,0,0,0,3.799,0,0,1,acrylamide_warhead,2.81,0.3853
3-methylhexane,CCCC(C)CC,1,0,1,0,0,1.0,1,0,0,,1.0,0.7154
3-methylpentane,CCC(C)CC,1,0,1,0,0,1.0,1,0,0,,1.0,0.707
4-hydroxymidazolam,Cc1ncc2n1-c1ccc(Cl)cc1C(c1ccccc1F)=NC2O,1,1,1,1,0,2.997,1,0,0,,3.861,0.7323
Aminopyrine,Cc1c(N(C)C)c(=O)n(-c2ccccc2)n1C,1,0,1,1,0,1.671,1,0,0,,2.06,0.7414
Atenolol,CC(C)NCC(O)COc1ccc(CC(N)=O)cc1,1,0,1,1,0,1.38,0,0,0,,1.689,0.5985
Benzene,c1ccccc1,1,0,1,0,0,1.47,1,0,0,,1.3,0.6971
Bretazenil,CC(C)(C)OC(=O)c1ncn2c1[C@@H]1CCCN1C(=O)c1c(Br)cccc1-2,1,1,1,1,0,2.665,1,0,0,,3.171,0.6712
Bromperidol,O=C(CCCN1CCC(O)(c2ccc(Br)cc2)CC1)c1ccc(F)cc1,1,1,1,1,0,2.113,1,0,0,,3.172,0.7405
Mefloquine,OC(c1cc(C(F)(F)F)nc2c(C(F)(F)F)cccc12)C1CCCCN1,1,1,1,1,0,2.505,1,0,0,cyp_pyridine_heme,5.562,0.7373
Tifluadom,CN1c2ccccc2C(c2ccccc2F)=NCC1CNC(=O)c1ccsc1,1,1,1,1,0,2.992,1,0,0,cyp_terminal_thiophene,3.197,0.7478
aldosterone,C[C@]12CCC(=O)C=C1CC[C@@H]1[C@@H]2[C@@H](O)C[C@]2(C=O)[C@@H](C(=O)CO)CC[C@@H]12,1,1,1,1,0,3.756,1,0,1,acrylamide_warhead,2.167,0.6391
BRL52537,O=C(Cc1ccc(Cl)c(Cl)c1)N1CCCC[C@H]1CN1CCCC1,1,1,1,1,0,2.027,1,0,0,,3.063,0.7155
BRL52580,O=C(Cc1ccc(Cl)c(Cl)c1)N1CCc2ccccc2[C@H]1CN1CCCC1,1,1,1,1,0,2.699,1,0,0,,3.428,0.6785
BRL52656,O=C(Cc1ccc(C(F)(F)F)cc1)N1CCCC[C@H]1CN1CCCC1,1,1,1,1,0,2.042,1,0,0,,3.615,0.7783
BRL52871,O=C(Cc1ccc(Cl)c(Cl)c1)N1CCc2sccc2[C@H]1CN1CCCC1,1,1,1,1,0,2.63,1,0,0,cyp_terminal_thiophene,3.532,0.6603
thioguanine,Nc1nc(=S)c2[nH]cnc2[nH]1,1,0,1,0,0,1.92,0,0,0,cyp_imidazole_heme,3.236,0.6476
tolazamide,Cc1ccc(S(=O)(=O)NC(=O)NN2CCCCCC2)cc1,1,1,1,1,0,1.52,1,0,0,,2.2,0.6312
tolbutamide,CCCCNC(=O)NS(=O)(=O)c1ccc(C)cc1,1,0,1,1,0,1.21,1,0,0,,1.967,0.658
Triamcinolone,C[C@]12C=CC(=O)C=C1CC[C@H]1[C@@H]3C[C@@H](O)[C@](O)(C(=O)CO)[C@@]3(C)C[C@H](O)[C@@]12F,1,1,1,1,0,4.103,0,0,1,acrylamide_warhead,2.879,0.6675
Triamterene,Nc1nc(N)c2nc(-c3ccccc3)c(N)nc2n1,1,0,1,1,0,2.43,0,0,0,,3.005,0.686
Trichlormethiazide,NS(=O)(=O)c1cc2c(cc1Cl)NC(C(Cl)Cl)NS2(=O)=O,1,1,1,1,0,2.05,0,0,1,haloacetamide_warhead; cyp_aniline,4.7,0.5606
valinomycin,CC(C)C1NC(=O)[C@@H](C(C)C)OC(=O)[C@H](C(C)C)NC(=O)[C@H](C)OC(=O)[C@@H](C(C)C)NC(=O)[C@@H](C(C)C)OC(=O)[C@H](C(C)C)NC(=O)[C@H](C)OC(=O)[C@@H](C(C)C)NC(=O)[C@@H](C(C)C)OC(=O)[C@H](C(C)C)NC(=O)[C@H](C)OC1=O,0,0,0,0,0,5.777,0,0,0,,1.601,0.3542
verapamil,COc1ccc(CCN(C)CCCC(C#N)(c2ccc(OC)c(OC)c2)C(C)C)cc1OC,0,0,1,0,0,1.988,0,0,0,,1.731,0.5872
warfarin,CC(=O)CC(c1ccccc1)c1c(O)oc2ccccc2c1=O,1,1,1,1,0,2.571,1,0,0,,2.295,0.6437
Butanone,CCC(C)=O,1,0,1,0,0,1.0,0,0,0,,1.0,0.6639
Cyclopropane,C1CC1,1,0,1,0,0,1.0,1,0,0,,1.0,0.6815
Desmethyldesipramine,NCCCN1c2ccccc2CCc2ccccc21,1,0,1,1,0,2.077,1,0,0,,1.98,0.7965
Diethylether,CCOCC,1,0,1,0,0,1.0,1,0,0,,1.0,0.6564
Divinylether,C=COC=C,1,0,1,0,0,1.1,1,0,0,,1.6,0.6244
Enflurane,FC(F)OC(F)(F)C(F)Cl,1,0,1,0,0,1.0,1,0,1,haloacetamide_warhead,5.3,0.7003
BRL52974,O=C(Cc1ccc(Cl)c(Cl)c1)N1CCc2[nH]cnc2[C@H]1CN1CCCC1,1,1,1,1,0,2.602,1,0,0,cyp_imidazole_heme,3.629,0.6818
BRL53087,CC1(C)CCN(C(=O)Cc2ccc(Cl)c(Cl)c2)[C@@H](CN2CCCC2)C1,1,1,1,1,0,2.02,1,0,0,,2.98,0.7405
carebastine,CC(C)(C(=O)O)c1ccc(C(=O)CCCN2CCC(OC(c3ccccc3)c3ccccc3)CC2)cc1,0,0,0,0,0,2.69,0,0,0,,2.305,0.5253
cetirizine,O=C(O)COCCN1CCN(C(c2ccccc2)c2ccc(Cl)cc2)CC1,1,1,1,1,0,2.383,1,0,0,,2.762,0.6522
ciprofloxacin,O=C(O)c1cn(C2CC2)c2cc(N3CCNCC3)c(F)cc2c1=O,1,1,1,1,0,2.386,1,0,0,cyp_pyridine_heme,3.246,0.6694
cp102,CCc1c(O)c(=O)ccn1CCO,1,0,1,0,0,1.077,0,0,0,cyp_pyridine_heme,1.868,0.6257
cp107,CCc1c(O)c(=O)ccn1CCCCO,1,0,1,1,0,1.0,0,0,0,cyp_pyridine_heme,1.664,0.6285
yohimbine,COC(=O)[C@@H]1[C@H]2C[C@H]3c4[nH]c5ccccc5c4CCN3C[C@@H]2CC[C@@H]1O,1,1,1,1,1,3.834,1,0,0,,2.62,0.3883
zidovudine,Cc1cn([C@H]2C[C@H](N=[N+]=[N-])[C@@H](CO)O2)c(=O)[nH]c1=O,1,0,0,1,1,2.11,0,0,0,,2.541,0.2758
acepromazine,CC(=O)c1ccc2c(c1)N(CCCN(C)C)c1ccccc1S2,1,1,1,1,0,2.131,1,0,0,,2.169,0.7493
acetophenazine,CC(=O)c1ccc2c(c1)N(CCCN1CCN(CCO)CC1)c1ccccc1S2,1,1,1,1,0,2.458,1,0,0,,2.473,0.7341
acetozalamide,CC(=O)Nc1nnc(S(N)(=O)=O)s1,1,0,1,1,0,1.31,0,0,0,,3.177,0.6221
allobarbital,C=CCC1(CC=C)C(=O)NC(=O)NC1=O,1,0,1,1,0,1.29,0,0,0,,2.06,0.633
amantadine,NC12CC3CC(CC(C3)C1)C2,1,0,1,0,0,1.42,1,0,0,,1.673,0.7364
amobarbital,CCC1(CCC(C)C)C(=O)NC(=O)NC1=O,1,0,1,1,0,1.0,1,0,0,,1.656,0.712
amphetamine,CC(N)Cc1ccccc1,1,0,1,0,0,1.4,1,0,0,,1.333,0.7127
Ethanol,CCO,1,0,1,0,0,1.0,0,0,0,,1.2,0.5852
Flumazenil,CCOC(=O)c1ncn2c1CN(C)C(=O)c1cc(F)ccc1-2,1,1,1,1,0,2.17,1,0,0,,3.141,0.7093
Flunitrazepam,CN1C(=O)CN=C(c2ccccc2F)c2cc([N+](=O)[O-])ccc21,1,1,1,1,0,2.36,1,0,0,,3.213,0.6635
Fluroxene,C=COCC(F)(F)F,1,0,1,0,0,1.0,1,0,0,,3.6,0.7051
Halothane,FC(F)(F)C(Cl)Br,1,0,1,0,0,1.0,1,0,1,haloacetamide_warhead,4.843,0.7213
Heptane,CCCCCCC,1,0,1,0,0,1.0,1,0,0,,1.0,0.7016
Hexane,CCCCCC,1,0,1,0,0,1.0,1,0,0,,1.0,0.6819
cp20,Cc1c(O)c(=O)ccn1C,1,0,1,0,0,1.207,0,0,0,cyp_pyridine_heme,1.971,0.625
cp21,CCn1ccc(=O)c(O)c1C,1,0,1,0,0,1.12,0,0,0,cyp_pyridine_heme,1.818,0.6329
cp24,CCCCn1ccc(=O)c(O)c1C,1,0,1,0,0,1.01,1,0,0,cyp_pyridine_heme,1.592,0.6627
cp25,CCCCCn1ccc(=O)c(O)c1C,1,0,1,0,0,1.0,1,0,0,cyp_pyridine_heme,1.506,0.6634
cp41,Cc1c(O)c(=O)ccn1CCCO,1,0,1,0,0,1.077,0,0,0,cyp_pyridine_heme,1.868,0.6088
cp94,CCc1c(O)c(=O)ccn1CC,1,0,1,0,0,1.057,1,0,0,cyp_pyridine_heme,1.694,0.6529
difloxacin,CN1CCN(c2cc3c(cc2F)c(=O)c(C(=O)O)cn3-c2ccc(F)cc2)CC1,1,1,1,1,0,2.694,1,0,0,cyp_pyridine_heme,3.837,0.6889
antipyrine,Cc1cc(=O)n(-c2ccccc2)n1C,1,0,1,0,0,1.762,1,0,0,,2.097,0.7141
apomorphine,CN1CCc2cccc3c2[C@H]1Cc1ccc(O)c(O)c1-3,1,1,1,1,1,2.697,1,0,0,,2.415,0.3393
arecoline,COC(=O)C1=CCCN(C)C1,1,0,1,0,0,1.0,0,0,1,acrylamide_warhead,1.618,0.677
azaperone,O=C(CCCN1CCN(c2ccccn2)CC1)c1ccc(F)cc1,1,1,1,1,0,2.088,1,0,0,cyp_pyridine_heme,2.73,0.7691
benactyzine,CCN(CC)CCOC(=O)C(O)(c1ccccc1)c1ccccc1,1,1,1,1,0,1.76,1,0,0,,1.82,0.6641
benperidol,O=C(CCCN1CCC(n2c(=O)[nH]c3ccccc32)CC1)c1ccc(F)cc1,1,1,1,1,0,2.524,1,0,0,cyp_imidazole_heme,3.052,0.7435
benzocaine,CCOC(=O)c1ccc(N)cc1,1,0,1,0,0,1.323,1,0,0,cyp_aniline,1.872,0.6397
benzquinamide,CCN(CC)C(=O)C1CN2CCc3cc(OC)c(OC)cc3C2CC1OC(C)=O,1,1,1,1,0,2.616,1,0,0,,2.115,0.7063
benztropine,CN1C2CCC1CC(OC(c1ccccc1)c1ccccc1)C2,1,1,1,1,0,2.846,1,0,0,,2.118,0.7222
biperiden,OC(CCN1CCCCC1)(c1ccccc1)C1CC2C=CC1C2,1,1,1,1,0,3.117,1,0,0,,1.966,0.7565
Hexobarbital,CN1C(=O)NC(=O)C(C)(C2=CCCCC2)C1=O,1,0,1,1,0,1.59,1,0,0,,2.016,0.6693
Indinavir,CC(C)(C)NC(=O)[C@@H]1CN(Cc2cccnc2)CCN1C[C@@H](O)C[C@@H](Cc1ccccc1)C(=O)N[C@H]1c2ccccc2C[C@H]1O,0,0,1,0,0,4.333,0,0,0,cyp_pyridine_heme,2.722,0.4945
Isoflurane,FC(F)OC(Cl)C(F)(F)F,1,0,1,0,0,1.0,1,0,1,haloacetamide_warhead,5.3,0.6975
Methohexital,C=CCC1(C(C)C#CCC)C(=O)NC(=O)N(C)C1=O,1,0,1,1,0,1.63,1,0,0,,1.689,0.649
Methoxyflurane,COC(F)(F)C(Cl)Cl,1,0,1,0,0,1.0,1,0,1,haloacetamide_warhead,4.075,0.7187
Methylcyclopentane,CC1CCCC1,1,0,1,0,0,1.0,1,0,0,,1.0,0.6878
doxylamine,CN(C)CCOC(C)(c1ccccc1)c1ccccn1,1,1,1,1,0,1.926,1,0,0,cyp_pyridine_heme,1.768,0.738
EMD60400,CN(C(=O)Cc1ccccc1N)[C@@H](CN1CC[C@@H](O)C1)c1ccccc1,1,1,1,1,0,2.613,1,0,0,cyp_aniline,2.172,0.6557
enoxacin,CCn1cc(C(=O)O)c(=O)c2cc(F)c(N3CCNCC3)nc21,1,1,1,1,0,2.03,0,0,0,cyp_pyridine_heme,3.123,0.678
fleroxacin,CN1CCN(c2c(F)cc3c(=O)c(C(=O)O)cn(CCF)c3c2F)CC1,1,1,1,1,0,2.076,1,0,0,cyp_pyridine_heme,4.109,0.6839
GR85571,CC(=O)N1CCN(C(=O)Cc2ccc(Cl)c(Cl)c2)[C@@H](CN2CCCC2)C1,1,1,1,1,0,2.125,1,0,0,,3.245,0.65
GR88377,O=C(Cc1ccc(Cl)c(Cl)c1)N1CCc2occc2[C@H]1CN1CCCC1,1,1,1,1,0,2.63,1,0,0,cyp_terminal_furan,3.532,0.6743
GR89696,COC(=O)N1CCN(C(=O)Cc2ccc(Cl)c(Cl)c2)[C@@H](CN2CCCC2)C1,1,1,1,1,0,2.145,1,0,0,,3.326,0.6736
bromazepam,O=C1CN=C(c2ccccn2)c2cc(Br)ccc2N1,1,0,1,1,0,2.344,1,0,0,cyp_pyridine_heme,3.132,0.7586
buclizine,CC(C)(C)c1ccc(CN2CCN(C(c3ccccc3)c3ccc(Cl)cc3)CC2)cc1,1,0,0,0,0,2.841,0,0,0,,2.705,0.6638
bufotenine,CN(C)CCc1c[nH]c2ccc(O)cc12,1,0,1,1,0,1.6,1,0,0,,1.933,0.7069
bupropion,CC(NC(C)(C)C)C(=O)c1cccc(Cl)c1,1,0,1,1,0,1.366,1,0,0,,1.993,0.73
buramate,O=C(NCc1ccccc1)OCCO,1,0,1,0,0,1.27,0,0,0,,1.917,0.6563
butabarbital,CCC(C)C1(CC)C(=O)NC(=O)NC1=O,1,0,1,1,0,1.06,0,0,0,,1.74,0.7198
caffeine,Cn1c(=O)c2c(ncn2C)n(C)c1=O,1,0,1,0,0,1.53,0,0,0,,2.586,0.6647
cannabidiol,C=C(C)[C@@H]1CCC(C)=CC1c1c(O)cc(CCCCC)cc1O,1,0,1,0,0,2.031,0,0,0,,1.442,0.6171
capuride,CCC(C)C(CC)C(=O)NC(N)=O,1,0,1,0,0,1.0,1,0,0,,1.301,0.715
carbamazepine,NC(=O)N1c2ccccc2C=Cc2ccccc21,1,0,1,1,0,2.41,1,0,0,,2.4,0.7483
Northioridazine,CSc1ccc2c(c1)N(CCC1CCCNC1)c1ccccc1S2,1,1,1,0,0,2.65,1,0,0,,2.38,0.7414
Paraxanthine,Cn1c(=O)[nH]c2ncn(C)c2c1=O,1,0,1,0,0,1.617,0,0,0,,2.756,0.6686
Pentane,CCCCC,1,0,1,0,0,1.0,1,0,0,,1.0,0.7011
Propanol,CCCO,1,0,1,0,0,1.0,0,0,0,,1.0,0.6328
Propanone,CC(C)=O,1,0,1,0,0,1.0,0,0,0,,1.217,0.6335
GR89696_et,CCOC(=O)N1CCN(C(=O)Cc2ccc(Cl)c(Cl)c2)[C@@H](CN2CCCC2)C1,1,1,1,1,0,2.14,1,0,0,,3.277,0.6807
GR89696_pr,CCCOC(=O)N1CCN(C(=O)Cc2ccc(Cl)c(Cl)c2)[C@@H](CN2CCCC2)C1,1,1,1,1,0,2.137,1,0,0,,3.232,0.6358
GR91272,O=C(Cc1ccc(Cl)c(Cl)c1)N1CCc2occc2[C@H]1CN1CC[C@@H](O)C1,1,1,1,1,0,2.9,1,0,0,cyp_terminal_furan,3.618,0.6249
GR94839,CC(=O)N1CCN(C(=O)Cc2ccc(Cl)c(Cl)c2)[C@@H](CN2CC[C@@H](O)C2)C1,1,1,1,1,0,2.395,1,0,0,,3.326,0.6348
GR94839_A,CC(=O)N1CCN(C(=O)Cc2ccc(C(F)(F)F)cc2)[C@@H](CN2CC[C@@H](O)C2)C1,1,1,1,1,0,2.41,1,0,0,,3.851,0.6473
GR94839_B,CSc1ccc(CC(=O)N2CCN(C(C)=O)C[C@@H]2CN2CC[C@@H](O)C2)cc1,1,1,1,1,0,2.37,1,0,0,,2.198,0.6311
GR94839_C,CC(=O)N1CCN(C(=O)Cc2cc(F)cc(F)c2)[C@@H](CN2CC[C@@H](O)C2)C1,1,1,1,1,0,2.395,0,0,0,,3.326,0.6309
GR94839_D,COc1cccc(CC(=O)N2CCN(C(C)=O)C[C@@H]2CN2CC[C@@H](O)C2)c1,1,1,1,1,0,2.37,0,0,0,,2.198,0.6292
GR94839_E,CC(=O)N1CCN(C(=O)Cc2ccc([N+](=O)[O-])cc2)[C@@H](CN2CC[C@H](O)C2)C1,1,1,1,1,0,2.415,0,0,0,,2.401,0.5609
GR94839_F,COc1ccc(CC(=O)N2CCN(C(C)=O)C[C@@H]2CN2CC[C@@H](O)C2)cc1,1,1,1,1,0,2.37,0,0,0,,2.198,0.6298
carphenazine,CCC(=O)c1ccc2c(c1)N(CCCN1CCN(CCO)CC1)c1ccccc1S2,1,1,1,1,0,2.45,1,0,0,,2.433,0.7263
cartazolate,CCCCNc1c(C(=O)OCC)cnc2c1cnn2CC,1,1,1,1,0,1.48,1,0,0,cyp_pyridine_heme,2.03,0.6912
centazolone,Nn1cnc2cc3ccccc3cc2c1=O,1,0,1,1,0,2.37,1,0,0,,2.65,0.6367
chloralhydrate,OC(O)C(Cl)(Cl)Cl,1,0,1,0,0,1.0,0,0,1,haloacetamide_warhead,3.843,0.5921
chlordiazepoxide,CN=C1CN(O)C(c2ccccc2)=c2cc(Cl)ccc2=N1,1,1,1,1,0,2.32,1,0,0,,3.014,0.7374
chlorpromazine,CN(C)CCCN1c2ccccc2Sc2ccc(Cl)cc21,1,1,1,1,0,2.117,1,0,0,,2.736,0.7779
chlorprothixene,CN(C)CC/C=C1/c2ccccc2Sc2ccc(Cl)cc21,1,1,1,0,1,2.203,1,0,0,,2.651,0.358
chlorzoxazone,O=c1[nH]c2cc(Cl)ccc2o1,1,0,1,0,0,1.92,1,0,0,,3.191,0.6958
choline,C[N+](C)(C)CCO,1,0,1,0,0,1.0,0,0,0,,1.057,0.6199
clobazam,CN1C(=O)CC(=O)N(c2ccccc2)c2cc(Cl)ccc21,1,1,1,1,0,2.32,1,0,0,,3.014,0.7227
Salicyluricacid,O=C(O)CNC(=O)c1ccccc1O,1,0,1,0,0,1.497,0,0,0,,2.283,0.5979
Sulforidazine,CN1CCCCC1CCN1c2ccccc2Sc2ccc(S(C)(=O)=O)cc21,1,1,1,1,0,2.676,1,0,0,,2.524,0.7682
Teflurane,FC(Br)C(F)(F)F,1,0,1,0,0,1.0,1,0,1,haloacetamide_warhead,4.843,0.683
Theobromine,Cn1cnc2c1c(=O)[nH]c(=O)n2C,1,0,1,0,0,1.617,0,0,0,,2.756,0.6653
Thiopental,CCCC(C)C1(CC)C(=O)NC(=S)NC1=O,1,0,1,1,0,1.047,1,0,0,,1.656,0.6983
Toluene,Cc1ccccc1,1,0,1,0,0,1.319,1,0,0,,1.186,0.6482
Triazolam,Cc1nnc2n1-c1ccc(Cl)cc1C(c1ccccc1Cl)=NC2,1,1,1,1,0,2.719,1,0,0,,3.888,0.7262
GR94839_G,CC(=O)N1CCN(C(=O)Cc2cccc([N+](=O)[O-])c2)[C@@H](CN2CC[C@H](O)C2)C1,1,1,1,1,0,2.415,0,0,0,,2.401,0.5834
GR94839_H,CC(=O)N1CCN(C(=O)Cc2ccccc2)[C@@H](CN2CC[C@@H](O)C2)C1,1,1,1,1,0,2.355,0,0,0,,2.157,0.6424
GR94839_I,CC(=O)N1CCN(C(=O)Cc2ccc([S@@](C)=O)cc2)[C@@H](CN2CC[C@H](O)C2)C1,1,1,1,1,0,2.64,0,0,0,,2.277,0.602
GR94839_L,CC(=O)N1CCN(C(=O)Cc2ccc(S(C)(=O)=O)cc2)[C@@H](CN2CC[C@H](O)C2)C1,1,1,1,1,0,2.41,0,0,0,,2.351,0.6001
ICI197067,CC(C)[C@@H](CN1CCCC1)N(C)C(=O)Cc1ccc(Cl)c(Cl)c1,1,1,1,1,0,1.677,1,0,0,,2.763,0.7294
ICI199441,CN(C(=O)Cc1ccc(Cl)c(Cl)c1)[C@@H](CN1CCCC1)c1ccccc1,1,1,1,1,0,2.363,1,0,0,,3.172,0.7037
isoxicam,Cc1cc(N/C(O)=C2\C(=O)c3ccccc3S(=O)(=O)N2C)no1,1,1,1,1,0,2.339,1,0,1,acrylamide_warhead,2.96,0.6404
Levallorphan,C=CCN1CC[C@]23CCCC[C@H]2[C@H]1Cc1ccc(O)cc13,1,1,1,1,0,2.875,1,0,0,,2.023,0.7754
lomefloxacin,CCn1cc(C(=O)O)c(=O)c2cc(F)c(N3CCNC(C)C3)c(F)c21,1,1,1,1,0,2.306,1,0,0,cyp_pyridine_heme,3.531,0.6881
clomipramine,CN(C)CCCN1c2ccccc2CCc2ccc(Cl)cc21,1,1,1,1,0,2.048,1,0,0,,2.514,0.7785
clonazepam,O=C1CN=C(c2ccccc2Cl)c2cc([N+](=O)[O-])ccc2N1,1,1,1,1,0,2.41,1,0,0,,3.301,0.669
clopenthixol,OCCN1CCN(CC/C=C2/c3ccccc3Sc3ccc(Cl)cc32)CC1,1,1,1,1,1,2.504,1,0,0,,2.965,0.3684
clopimozide,O=c1[nH]c2cc(Cl)ccc2n1C1CCN(CCCC(c2ccc(F)cc2)c2ccc(F)cc2)CC1,1,0,0,0,0,3.064,0,0,0,cyp_imidazole_heme,4.343,0.6156
cocaine,COC(=O)[C@@H]1C2CCC(C[C@@H]1OC(=O)c1ccccc1)N2C,1,1,1,1,0,2.855,1,0,0,,2.158,0.7249
codeine,COc1ccc2c3c1O[C@H]1[C@@H](O)C=C[C@H]4[C@@H](C2)N(C)CC[C@@]341,1,1,1,1,0,4.373,1,0,0,,2.601,0.7071
cyclazocine,CC1C2Cc3ccc(O)cc3C1(C)CCN2CC1CC1,1,1,1,1,0,2.75,1,0,0,,1.967,0.775
cyclophenazine,FC(F)(F)c1ccc2c(c1)N(CCCN1CCN(C3CC3)CC1)c1ccccc1S2,1,1,1,0,0,2.776,1,0,0,,4.317,0.7173
deanol,CN(C)CCO,1,0,1,0,0,1.0,0,0,0,,1.2,0.6559
Trichloroethylene,ClC=C(Cl)Cl,1,0,1,0,0,1.1,1,0,0,,4.3,0.6959
Trichloromethane,ClC(Cl)Cl,1,0,1,0,0,1.0,1,0,1,haloacetamide_warhead,3.95,0.6908
Y-G16,NCCc1nccs1,1,0,1,0,0,1.03,0,0,0,,2.105,0.6859
Y-G19,NCCc1nc(-c2ccccc2)cs1,1,0,1,1,0,1.762,1,0,0,,2.097,0.7532
m-Xylene,Cc1cccc(C)c1,1,0,1,0,0,1.21,1,0,0,,1.1,0.6458
loratadine,CCOC(=O)N1CCC(=C2c3ccc(Cl)cc3CCc3cccnc32)CC1,1,1,1,1,0,2.504,1,0,0,cyp_pyridine_heme,2.965,0.7494
meloxicam,Cc1cnc(N/C(O)=C2/C(=O)c3ccccc3S(=O)(=O)N2C)s1,1,1,1,1,0,2.339,1,0,1,acrylamide_warhead,2.96,0.626
Nalorphine,C=CCN1CC[C@]23c4c5ccc(O)c4O[C@H]2[C@@H](O)C=C[C@H]3[C@H]1C5,1,1,1,1,0,4.492,1,0,0,,2.643,0.7831
naltrexone,O=C1CC[C@@]2(O)[C@H]3Cc4ccc(O)c5c4[C@@]2(CCN3CC2CC2)[C@H]1O5,1,1,1,1,0,4.42,1,0,0,,2.88,0.789
norfloxacin,CCn1cc(C(=O)O)c(=O)c2cc(F)c(N3CCNCC3)cc21,1,1,1,1,0,2.06,1,0,0,cyp_pyridine_heme,3.013,0.6908
pefloxacin,CCn1cc(C(=O)O)c(=O)c2cc(F)c(N3CCN(C)CC3)cc21,1,1,1,1,0,2.036,1,0,0,cyp_pyridine_heme,2.946,0.7053
piroxicam,CN1/C(=C(/O)Nc2ccccn2)C(=O)c2ccccc2S1(=O)=O,1,1,1,1,0,2.43,1,0,1,acrylamide_warhead; cyp_pyridine_heme,2.89,0.6674
roxindole,Oc1ccc2[nH]cc(CCCCN3CC=C(c4ccccc4)CC3)c2c1,1,1,1,1,0,2.555,1,0,0,,2.303,0.7278
deserpidine,COC(=O)[C@H]1[C@H]2C[C@@H]3c4[nH]c5ccccc5c4CCN3C[C@H]2C[C@@H](OC(=O)c2cc(OC)c(OC)c(OC)c2)[C@@H]1OC,1,0,1,1,1,4.84,0,0,0,,3.114,0.3012
desipramine,CNCCCN1c2ccccc2CCc2ccccc21,1,1,1,1,0,2.05,1,0,0,,1.933,0.7876
diazepam,CN1C(=O)CN=C(c2ccccc2)c2cc(Cl)ccc21,1,1,1,1,0,2.3,1,0,0,,2.9,0.7549
dihydrocodeine,COc1ccc2c3c1O[C@H]1[C@@H](O)CC[C@H]4[C@@H](C2)N(C)CC[C@@]341,1,1,1,1,0,4.24,1,0,0,,2.512,0.7303
dihydromorphine,CN1CCC23c4c5ccc(O)c4OC2C(O)CCC3C1C5,1,1,1,1,0,4.244,1,0,0,,2.554,0.7713
diphenhydramine,CN(C)CCOC(c1ccccc1)c1ccccc1,1,0,1,1,0,1.727,1,0,0,,1.68,0.7203
diphenhylhydantoin,O=C1NC(=O)C(c2ccccc2)(c2ccccc2)N1,1,0,1,1,0,2.35,1,0,0,,2.478,0.7518
dixyrazine,CC(CN1CCN(CCOCCO)CC1)CN1c2ccccc2Sc2ccccc21,1,1,1,1,1,2.65,1,0,0,,2.4,0.3651
DMT,COC(=O)c1ccc(C(=O)OC)cc1,1,0,1,0,0,1.39,1,0,0,,1.997,0.6872
o-Xylene,Cc1ccccc1C,1,0,1,0,0,1.21,1,0,0,,1.1,0.676
p-Xylene,Cc1ccc(C)cc1,1,0,1,0,0,1.21,1,0,0,,1.1,0.6449
2-propanol,CC(C)O,1,0,1,0,0,1.0,0,0,0,,1.0,0.6171
Delavirdine,CC(C)Nc1cccnc1N1CCN(C(=O)c2cc3cc(NS(C)(=O)=O)ccc3[nH]2)CC1,1,1,1,1,0,2.604,1,0,0,cyp_pyridine_heme; cyp_aniline,2.847,0.668
Ebastine,CC(C)(C)c1ccc(C(=O)CCCN2CCC(OC(c3ccccc3)c3ccccc3)CC2)cc1,1,0,0,0,0,2.613,0,0,0,,2.132,0.576
Pirenzepine,CN1CCN(CC(=O)N2c3ccccc3C(=O)Nc3cccnc32)CC1,1,1,1,1,0,2.541,1,0,0,cyp_pyridine_heme,2.755,0.7886
RP60180,CCCNC(=O)c1ccc2c(c1)N([C@@H](C)CN1CCCC1)c1ccccc1S2,1,1,1,1,0,2.688,1,0,0,,2.388,0.7504
rufloxacin,CN1CCN(c2c(F)cc3c(=O)c(C(=O)O)cn4c3c2SCC4)CC1,1,1,1,1,0,2.406,1,0,0,cyp_pyridine_heme,3.331,0.6993
salbutamol,CC(C)(C)NCC(O)c1ccc(O)c(CO)c1,1,0,1,1,0,1.294,0,0,0,,1.575,0.6111
Sankyo,CN1CCN(C(=O)Cc2ccc(Cl)c(Cl)c2)[C@@H](CN2CCCC2)C1,1,1,1,1,0,2.047,1,0,0,,3.161,0.6741
SB201708,O=C(Cc1ccc(Cl)c(Cl)c1)N1CCn2ccnc2[C@H]1CN1CCCC1,1,1,1,1,0,2.602,1,0,0,,3.629,0.6687
SB204454,O=C1NC(=O)[C@@]2(CCN(C(=O)Cc3ccc(Cl)c(Cl)c3)[C@@H](CN3CCCC3)C2)N1,1,1,1,1,0,3.42,1,0,0,,3.691,0.6737
SB204459,O=C(Cc1ccc(Cl)c(Cl)c1)N1CCn2ccnc2[C@H]1CN1CC[C@@H](O)C1,1,1,1,1,0,2.872,1,0,0,,3.71,0.6164
SB204484,O=C(Cc1ccc(Cl)c(Cl)c1)N1CCn2ncnc2[C@H]1CN1CCCC1,1,1,1,1,0,2.57,1,0,0,,3.723,0.7023
SB205563,O=C(Cc1ccc(Cl)c(Cl)c1)N1CCN(CCO)C[C@@H]1CN1CC[C@@H](O)C1,1,1,1,1,0,2.332,1,0,0,,3.284,0.6056
doxepin,CN(C)CC/C=C1/c2ccccc2COc2ccccc21,1,1,1,1,0,2.154,1,0,0,,1.975,0.764
droperidol,O=C(CCCN1CC=C(n2c(=O)[nH]c3ccccc32)CC1)c1ccc(F)cc1,1,1,1,1,0,2.633,1,0,0,cyp_imidazole_heme,3.125,0.7381
ectylurea,C/C=C(\CC)C(=O)NC(N)=O,1,0,1,0,0,1.0,0,0,1,acrylamide_warhead,1.748,0.6756
emylcamate,CCC(C)(CC)OC(N)=O,1,0,1,0,0,1.0,1,0,0,,1.214,0.7003
estazolam,Clc1ccc2c(c1)C(c1ccccc1)=NCc1nncn1-2,1,1,1,1,0,2.745,1,0,0,,3.364,0.74
etaqualone,CCc1ccccc1-n1c(C)nc2ccccc2c1=O,1,1,1,1,0,2.238,1,0,0,,2.209,0.6942
etazolate,CCOC(=O)c1cnc2c(cnn2CC)c1NN=C(C)C,1,1,1,1,0,1.606,1,0,0,cyp_pyridine_heme,2.257,0.653
ethchlorvynol,C#CC(O)(/C=C/Cl)CC,1,0,1,0,0,1.0,1,0,0,,1.824,0.6945
ethinamate,C#CC1(OC(N)=O)CCCCC1,1,0,1,0,0,1.0,1,0,0,,1.517,0.6412
5-69,S=C(NC1CCCCC1)N1CCC(c2c[nH]cn2)CC1,1,1,1,1,0,1.57,1,0,0,cyp_imidazole_heme,2.063,0.7801
7-K06,CN1CC[C@@H]2c3cc(Cl)ccc3Oc3ccccc3[C@H]2C1,1,1,1,1,0,2.92,1,0,0,,2.862,0.7634
7-K08,O=C1CCCN1CCCCN1CCN(c2cc(C(F)(F)F)cc(Cl)n2)CC1,1,1,1,1,0,1.79,1,0,0,cyp_pyridine_heme,4.367,0.7155
7-K10,Clc1ccc2c(c1)[C@H]1CCNC[C@@H]1c1ccccc1O2,1,1,1,1,0,2.947,1,0,0,,2.915,0.7801
SB205605,O=C(Cc1ccc(Cl)c(Cl)c1)N1CCc2[nH]cnc2[C@H]1CN1CC[C@@H](O)C1,1,1,1,1,0,2.872,1,0,0,cyp_imidazole_heme,3.71,0.6231
skb_a,CC[C@H](NC(=O)c1c(O)c(-c2ccccc2)nc2ccccc12)c1ccccc1,1,1,1,0,0,3.086,1,0,0,cyp_pyridine_heme,2.518,0.5934
skb_c,CC[C@H](NC(=O)c1c(OCCCN(C)C)c(-c2ccccc2)nc2ccccc12)c1ccccc1,1,0,0,0,0,3.03,0,0,0,cyp_pyridine_heme,2.415,0.5455
skb-d,CC[C@H](NC(=O)c1c(OCC(=O)O)c(-c2ccccc2)nc2ccccc12)c1ccccc1,1,1,1,0,0,3.132,1,0,0,cyp_pyridine_heme,2.627,0.5366
skb-e,CC[C@H](NC(=O)c1c(OCCCC(=O)O)c(-c2ccccc2)nc2ccccc12)c1ccccc1,1,0,0,0,0,3.102,0,0,0,cyp_pyridine_heme,2.549,0.5061
skb-f,CC[C@H](NC(=O)c1c(OCCNC(=O)Cc2ccccc2C(=O)O)c(-c2ccccc2)nc2ccccc12)c1ccccc1,0,0,0,0,0,3.68,0,0,0,cyp_pyridine_heme,2.912,0.4292
skb-g,CC[C@H](NC(=O)c1c(OCCNC(=O)Cc2ccccn2)c(-c2ccccc2)nc2ccccc12)c1ccccc1,0,0,0,0,0,3.608,0,0,0,cyp_pyridine_heme,2.871,0.48
skb-h,CC[C@H](NC(=O)c1c(OCCNC(=O)[C@@H]2CCCN2)c(-c2ccccc2)nc2ccccc12)c1ccccc1,1,0,1,0,0,3.693,0,0,0,cyp_pyridine_heme,2.813,0.5134
skb-i,CC[C@H](NC(=O)c1c(Cn2ccnc2)c(-c2ccccc2)nc2ccccc12)c1ccccc1,1,0,0,0,0,3.514,0,0,0,cyp_pyridine_heme,2.831,0.5813
sparfloxacin,C[C@@H]1CN(c2c(F)c(N)c3c(=O)c(C(=O)O)cn(C4CC4)c3c2F)C[C@H](C)N1,1,1,1,1,0,2.892,1,0,0,cyp_pyridine_heme; cyp_aniline,3.785,0.6135
ethosuximide,CCC1(C)CC(=O)NC1=O,1,0,1,0,0,1.0,0,0,0,,1.629,0.6888
etymemazine,CCc1ccc2c(c1)N(CC(C)CN(C)C)c1ccccc1S2,1,1,1,0,0,2.28,1,0,0,,1.971,0.7399
flupentixol,OCCN1CCN(CC/C=C2/c3ccccc3Sc3ccc(C(F)(F)F)cc32)CC1,1,1,1,1,1,2.53,1,0,0,,4.087,0.365
fluphenazine,OCCN1CCN(CCCN2c3ccccc3Sc3ccc(C(F)(F)F)cc32)CC1,1,1,1,1,0,2.455,1,0,0,,4.136,0.7628
flurazepam,CCN(CC)CCN1C(=O)CN=C(c2ccccc2F)c2cc(Cl)ccc21,1,1,1,1,0,2.19,1,0,0,,3.3,0.7537
glaziovine,COc1cc2c3c(c1O)C1(C=CC(=O)C=C1)CC3N(C)CC2,1,1,1,1,0,3.223,1,0,1,acrylamide_warhead,2.434,0.7413
glutethimide,CCC1(c2ccccc2)CCC(=O)NC1=O,1,0,1,1,0,1.808,1,0,0,,1.855,0.7564
haloperidol,O=C(CCCN1CCC(O)(c2ccc(Cl)cc2)CC1)c1ccc(F)cc1,1,1,1,1,0,2.113,1,0,0,,3.172,0.7581
harmalol,Cc1[nH]ccc2c1[nH]c1cc(=O)ccc12,1,0,1,0,0,2.25,1,0,0,cyp_pyridine_heme,2.433,0.6529
harman,Cc1nccc2c1[nH]c1ccccc12,1,0,1,0,0,2.23,1,0,0,cyp_pyridine_heme,2.262,0.6957
14,O=[N+]([O-])c1cc[nH]c1NCCSCc1ccccn1,1,0,1,1,0,1.78,1,0,0,cyp_pyridine_heme,2.505,0.6196
15,Cc1cc(C(C)(C)SC(C)(C)CNc2[nH]ccc2[N+](=O)[O-])nc(C)c1C,1,1,1,0,0,1.588,1,0,0,cyp_pyridine_heme,1.987,0.6078
22,Cc1oc(C(C)(C)N(C(C)(C)N)C(C)(C)N)c(C)c1C,1,1,1,1,0,1.0,1,0,0,cyp_terminal_furan,1.3,0.7535
23,Cc1c[nH+][o+]c(C([NH])CC(C)C(C)(C)N(C(C)(C)C)C(C)(N)N)c1[O-],1,1,1,1,0,1.417,0,0,0,,1.518,0.704
tamitinol,CCNCc1c(CSC)cnc(C)c1O,1,0,1,1,0,1.0,1,0,0,cyp_pyridine_heme,1.664,0.7186
tenoxicam,CN1/C(=C(\O)Nc2ccccn2)C(=O)c2sccc2S1(=O)=O,1,1,1,1,0,2.398,1,0,1,acrylamide_warhead; cyp_pyridine_heme; cyp_terminal_thiophene,3.066,0.674
terfenadine,CC(C)(C)c1ccc(C(O)CCCN2CCC(C(O)(c3ccccc3)c3ccccc3)CC2)cc1,1,0,0,0,0,2.825,0,0,0,,2.107,0.5698
U50488,CN(C(=O)Cc1ccc(Cl)c(Cl)c1)C1CCCC[C@H]1N1CCCC1,1,1,1,1,0,2.272,1,0,0,,3.02,0.7008
heroin,CC(=O)Oc1ccc2c3c1O[C@H]1[C@@H](OC(C)=O)C=C[C@H]4[C@@H](C2)N(C)CC[C@@]341,1,1,1,1,0,4.511,1,0,0,,2.748,0.6843
hexapropymate,C#CCC1(OC(N)=O)CCCCC1,1,0,1,0,0,1.0,1,0,0,,1.432,0.6865
homophenazine,OCCN1CCCN(CCCN2c3ccccc3Sc3cc(C(F)(F)F)ccc32)CC1,1,1,1,1,0,2.446,1,0,0,,4.092,0.7414
hydrocodone,COc1ccc2c3c1O[C@H]1C(=O)CC[C@H]4[C@@H](C2)N(C)CC[C@]314,1,1,1,1,0,4.057,1,0,0,,2.557,0.7435
hydroxyphenamate,CCC(O)(COC(N)=O)c1ccccc1,1,0,1,1,0,1.464,1,0,0,,1.809,0.7035
hydroxyzine,OCCOCCN1CCN(C(c2ccccc2)c2ccc(Cl)cc2)CC1,1,1,1,1,0,2.306,1,0,0,,2.634,0.7057
imipramine,CN(C)CCCN1c2ccccc2CCc2ccccc21,1,1,1,1,0,2.028,1,0,0,,1.891,0.785
ketamine,CNC1(c2ccccc2Cl)CCCCC1=O,1,0,1,1,0,1.716,1,0,0,,2.293,0.7388
kynurenic acid,O=C(O)c1cc(=O)c2ccccc2[nH]1,1,0,1,0,0,1.98,1,0,0,cyp_pyridine_heme,2.457,0.6078
8-5,Cc1ccc(CC2=CNC(NCCSCc3ccc(CN(C)C)o3)=NC2)cn1,1,1,1,1,0,2.096,1,0,0,cyp_pyridine_heme; cyp_terminal_furan,2.307,0.6964
BBcpd10,CN(C)c1cc(-c2n[nH]c(N)n2)ccn1,1,0,1,1,0,1.733,0,0,0,cyp_pyridine_heme,2.622,0.7112
9-C1,Cn1c(=O)c2nc[nH]c2n(C)c1=O,1,0,1,0,0,1.617,0,0,0,cyp_imidazole_heme,2.756,0.6691
lenperone,O=C(CCCN1CCC(C(=O)c2ccc(F)cc2)CC1)c1ccc(F)cc1,1,1,1,1,0,2.154,1,0,0,,3.165,0.7352
levorphanol,CN1CC[C@]23CCCC[C@H]2[C@H]1Cc1ccc(O)cc13,1,0,1,1,0,2.754,1,0,0,,1.998,0.7647
lidocaine,CCN(CC)CC(=O)Nc1c(C)cccc1C,1,0,1,1,0,1.09,1,0,0,,1.429,0.734
lorazepam,O=C1Nc2ccc(Cl)cc2C(c2ccccc2Cl)=NC1O,1,1,1,1,0,2.64,1,0,0,,3.704,0.7224
lorcainide,CC(C)N1CCC(N(C(=O)Cc2ccccc2)c2ccc(Cl)cc2)CC1,1,1,1,1,0,2.079,1,0,0,,2.534,0.7619
meclofenoxate,CN(C)CCOC(=O)COc1ccc(Cl)cc1,1,0,1,1,0,1.19,1,0,0,,2.349,0.6961
mecloqualone,Cc1nc2ccccc2c(=O)n1-c1ccccc1Cl,1,0,1,1,0,2.35,1,0,0,,2.978,0.6886
medazepam,CN1CCN=C(c2ccccc2)c2cc(Cl)ccc21,1,0,1,1,0,2.205,1,0,0,,2.724,0.7695
meprobamate,CCCC(C)(COC(N)=O)COC(N)=O,1,0,1,1,0,1.0,0,0,0,,1.578,0.6653
9-C15,COc1cc2c(c(CN[C@@H]3CCCN[C@H]3c3ccccc3)c1)OCC2,1,1,1,1,0,2.886,1,0,0,,2.337,0.7932
9-C7,NCCn1ncc2cc(Cl)c(Cl)cc21,1,0,1,1,0,1.713,1,0,0,,3.494,0.7319
Abacavir,Nc1nc(NC2CC2)c2ncn([C@H]3C=C[C@@H](CO)C3)c2n1,1,1,1,1,0,2.72,1,0,0,,2.8,0.6283
Aciclovir,Nc1nc(=O)c2ncn(COCCO)c2[nH]1,1,0,1,1,0,1.57,0,0,0,,2.8,0.6192
Albendazole,CCCSc1ccc2nc(NC(=O)OC)[nH]c2c1,1,0,1,1,0,1.66,1,0,0,cyp_imidazole_heme,2.333,0.7301
Amifostine,NCCCNCCSP(=O)(O)O,1,0,1,1,0,1.0,0,0,0,,1.95,0.5173
mescaline,COc1cc(CCN)cc(OC)c1OC,1,0,1,1,0,1.105,1,0,0,,1.736,0.71
mesoridazine,CN1CCCCC1CCN1c2ccccc2Sc2ccc(S(C)=O)cc21,1,1,1,1,0,2.906,1,0,0,,2.434,0.7615
methamphetamine,CN[C@@H](C)Cc1ccccc1,1,0,1,0,0,1.34,1,0,0,,1.253,0.7211
methaqualone,Cc1ccccc1-n1c(C)nc2ccccc2c1=O,1,0,1,1,0,2.28,1,0,0,,2.274,0.7044
methocarbamol,COc1ccccc1OCC(O)COC(N)=O,1,0,1,1,0,1.504,0,0,0,,2.068,0.6667
methopromazine,COc1ccc2c(c1)N(CCCN(C)C)c1ccccc1S2,1,1,1,1,0,2.09,1,0,0,,2.179,0.7641
methotrimeprazine,COc1ccc2c(c1)N(C[C@H](C)CN(C)C)c1ccccc1S2,1,1,1,1,0,2.318,1,0,0,,2.127,0.7485
methylpentynol,C#CC(C)(O)CC,1,0,1,0,0,1.0,0,0,0,,1.0,0.6421
methylphenidate,COC(=O)C(c1ccccc1)C1CCCCN1,1,0,1,1,0,1.94,1,0,0,,1.729,0.7419
methyprylon,CCC1(CC)C(=O)NCC(C)C1=O,1,0,1,0,0,1.0,1,0,0,,1.352,0.7336
Amikacin,NCC[C@H](O)C(=O)N[C@@H]1C[C@H](N)[C@@H](O[C@H]2O[C@H](CN)[C@@H](O)[C@H](O)[C@H]2O)[C@H](O)[C@H]1O[C@H]1O[C@H](CO)[C@@H](O)[C@H](N)[C@H]1O,0,0,0,0,0,5.705,0,0,0,,2.486,0.3048
Aminosalicylicacid,Nc1ccc(C(=O)O)c(O)c1,1,0,1,0,0,1.57,0,0,0,cyp_aniline,2.391,0.557
Cytarabine,Nc1ccn([C@@H]2O[C@H](CO)[C@@H](O)[C@@H]2O)c(=O)n1,1,0,1,0,0,2.373,0,0,0,,2.567,0.5441
Dacarbazine,CN(C)N/N=C1/N=CN=C1C(N)=O,1,0,1,0,0,1.21,0,0,0,,2.649,0.6539
Daunorubicin,COc1cccc2c1C(=O)c1c(O)c3c(c(O)c1C2=O)C[C@@](O)(C(C)=O)C[C@@H]3O[C@H]1C[C@H](N)[C@H](O)[C@H](C)O1,0,0,0,0,1,4.477,0,0,0,,3.013,0.2105
Demeclocycline,CN(C)[C@@H]1C(=O)/C(=C(\N)O)C(=O)[C@@]2(O)C(=O)C3=C(O)c4c(O)ccc(Cl)c4[C@@H](O)[C@H]3C[C@@H]12,0,1,0,0,0,3.833,0,0,1,acrylamide_warhead,3.426,0.3843
Desmethylclobazam,O=C1CC(=O)N(c2ccccc2)c2cc(Cl)ccc2N1,1,1,1,1,0,2.37,1,0,0,,3.097,0.7595
Desmonomethylpromazine,CNCCCN1c2ccccc2Sc2ccccc21,1,0,1,1,1,2.13,1,0,0,,2.174,0.3949
Dexrazoxane,C[C@@H](CN1CC(=O)NC(=O)C1)N1CC(=O)NC(=O)C1,1,0,1,0,0,1.566,0,0,0,,2.354,0.7004
moperone,Cc1ccc(C2(O)CCN(CCCC(=O)c3ccc(F)cc3)CC2)cc1,1,1,1,1,0,2.079,1,0,0,,2.534,0.7472
morphine,CN1CC[C@]23c4c5ccc(O)c4O[C@H]2C(O)C=C[C@H]3[C@H]1C5,1,1,1,1,0,4.385,1,0,0,,2.648,0.7607
MPTP,CN1CC=C(c2ccccc2)CC1,1,0,1,0,0,1.56,1,0,0,,1.564,0.7526
naloxone,C=CCN1CC[C@]23c4c5ccc(O)c4O[C@H]2C(=O)CC[C@@]3(O)[C@H]1C5,1,1,1,1,0,4.198,1,0,0,,2.704,0.7783
nicotine,CN1CCC[C@H]1c1cccnc1,1,0,1,0,0,1.59,1,0,0,cyp_pyridine_heme,1.7,0.7394
nitrazepam,O=C1CN=C(c2ccccc2)c2cc([N+](=O)[O-])ccc2N1,1,1,1,1,0,2.39,1,0,0,,2.704,0.682
nordazepam,O=C1CN=C(c2ccccc2)c2cc(Cl)ccc2N1,1,0,1,1,0,2.35,1,0,0,,2.978,0.7771
nortriptyline,CNCCC=C1c2ccccc2CCc2ccccc21,1,1,1,1,1,2.134,1,0,0,,1.839,0.3924
orphenadrine,Cc1ccccc1C(OCCN(C)C)c1ccccc1,1,1,1,1,0,1.95,1,0,0,,1.633,0.7199
Dextromethorphan,COc1ccc2c(c1)[C@]13CCCC[C@@H]1[C@H](C2)N(C)CC3,1,1,1,1,0,2.75,1,0,0,,1.967,0.7764
Dihydroergotamine,CN1C[C@H](C(=O)N[C@]2(C)O[C@@]3(O)[C@@H]4CCCN4C(=O)[C@H](Cc4ccccc4)N3C2=O)C[C@@H]2c3cccc4[nH]cc(c34)C[C@H]21,1,0,1,0,0,5.828,0,0,0,,3.71,0.5994
Disulfiram,CCN(CC)C(=S)SSC(=S)N(CC)CC,1,0,1,1,0,1.0,1,0,0,,1.485,0.6956
Efavirenz,O=C1Nc2ccc(Cl)cc2[C@@](C#CC2CC2)(C(F)(F)F)O1,1,1,1,1,0,2.291,1,0,0,,4.614,0.746
Enalapril,CCOC(=O)[C@H](CCc1ccccc1)N[C@@H](C)C(=O)N1CCC[C@H]1C(=O)O,1,1,1,1,0,2.33,1,0,0,,1.938,0.5941
Ethambutol,CC[C@@H](CO)NCCN[C@@H](CC)CO,1,0,1,1,0,1.0,0,0,0,,1.057,0.5478
aclarubicin,CC[C@@]1(O)C[C@H](OC2CC(N(C)C)C(OC3CC(O)C(OC4CCC(=O)C(C)O4)C(C)O3)C(C)O2)c2c(cc3c(c2O)C(=O)c2c(O)cccc2C3=O)[C@H]1C(=O)OC,0,0,0,0,1,7.117,0,0,0,,3.432,0.2023
adicillin,CC1(C)S[C@@H]2[C@H](NC(=O)CCC[C@@H](N)C(=O)O)C(=O)N2[C@H]1C(=O)O,0,0,0,0,0,2.323,0,0,0,,2.279,0.5143
adrenaline,CNCC(O)c1ccc(O)c(O)c1,1,0,1,0,1,1.46,0,0,0,,1.956,0.2698
adriamycinol-aglycone,COc1cccc2c1C(=O)c1c(O)c3c(c(O)c1C2=O)CC(O)(C(=O)CO)CC3O,0,1,0,0,1,3.157,0,0,0,,2.871,0.263
almecillin,C=CCSCC(=O)NC1C(=O)N2C1SC(C)(C)C2C(=O)[O-],1,0,1,1,0,2.132,0,0,0,,2.251,0.5197
amantocillin,CC1(C)S[C@@H]2[C@H](NC(=O)C34C[C@@H]5C[C@@H](CC(N)(C5)C3)C4)C(=O)N2[C@H]1C(=O)O,1,1,1,1,0,4.379,0,0,0,,3.015,0.5356
amdinocillinpivoxil,CC(C)(C)C(=O)OCOC(=O)C1N2C(=O)[C@@H](N=CN3CCCCCC3)[C@H]2SC1(C)C,1,1,1,1,0,2.429,1,0,0,,2.152,0.4664
amicycline,CN(C)[C@@H]1C(=O)/C(=C(\N)O)C(=O)[C@@]2(O)C(=O)C3=C(O)c4c(ccc(N)c4O)C[C@H]3C[C@@H]12,0,0,0,0,0,3.563,0,0,1,acrylamide_warhead; cyp_aniline,2.863,0.3479
amrubicin,CC(=O)[C@]1(N)Cc2c(O)c3c(c(O)c2[C@@H](O[C@H]2C[C@H](O)[C@H](O)CO2)C1)C(=O)c1ccccc1C3=O,0,0,0,0,1,4.22,0,0,0,,3.037,0.2358
apalcillin,CC1(C)S[C@@H]2C(NC(=O)[C@H](NC(=O)c3c[nH]c4cccnc4c3=O)c3ccccc3)C(=O)N2[C@H]1C(=O)O,0,0,0,0,0,4.154,0,0,0,cyp_pyridine_heme,3.249,0.4789
apicycline,CN(C)[C@@H]1C(=O)/C(=C(/O)NC(C(=O)O)N2CCN(CCO)CC2)C(=O)[C@@]2(O)C(=O)C3=C(O)c4c(O)cccc4[C@@](C)(O)[C@H]3C[C@@H]12,0,0,0,0,0,4.51,0,0,1,acrylamide_warhead,3.073,0.2829
apramycin,CN[C@@H]1[C@@H](O[C@H]2O[C@H](CO)[C@@H](N)[C@H](O)[C@H]2O)O[C@H]2C[C@@H](N)[C@H](O[C@H]3[C@H](O)[C@@H](O)[C@H](N)C[C@@H]3N)O[C@@H]2[C@@H]1O,0,0,0,0,0,6.19,0,0,0,,2.697,0.3231
arbekacin,NCC[C@H](O)C(=O)N[C@@H]1C[C@H](N)[C@@H](O[C@H]2O[C@H](CN)CC[C@H]2N)[C@H](O)[C@H]1O[C@H]1O[C@H](CO)[C@@H](O)[C@H](N)[C@H]1O,0,0,0,0,0,5.165,0,0,0,,2.4,0.3092
aspoxicillin,CNC(=O)C[C@@H](N)C(=O)N[C@@H](C(=O)N[C@@H]1C(=O)N2[C@@H]1SC(C)(C)[C@@H]2C(=O)O)c1ccc(O)cc1,0,0,0,0,0,3.409,0,0,0,,2.666,0.4392
astromicin,CO[C@H]1[C@@H](O)[C@H](N)[C@@H](O[C@H]2O[C@H](C(C)N)CC[C@H]2N)[C@H](O)[C@@H]1N(C)C(=O)CN,0,0,0,0,0,3.631,0,0,0,,2.026,0.4275
aztreonam,C[C@H]1[C@H](NC(=O)/C(=N\OC(C)(C)C(=O)O)c2csc([NH3+])n2)C(=O)N1S(=O)(=O)[O-],0,0,0,0,0,2.206,0,0,0,,2.838,0.4268
bacmecillinam,CCOC(=O)OC(C)OC(=O)[C@@H]1N2C(=O)[C@@H](N=CN3CCCCCC3)[C@H]2SC1(C)C,1,1,1,1,0,2.69,1,0,0,,2.26,0.4455
bekanamycin,NCC1OC(OC2C(N)CC(N)C(OC3OC(CO)C(O)C(N)C3O)C2O)C(N)C(O)C1O,0,0,0,0,0,5.26,0,0,0,,2.464,0.3684
benserazide,NC(CO)C(=O)NNCc1ccc(O)c(O)c1O,0,0,0,0,1,1.6,0,0,0,,2.393,0.2268
bepridil,CC(C)COCC(CN(Cc1ccccc1)c1ccccc1)N1CCCC1,1,1,1,1,0,2.24,1,0,0,,1.833,0.6961
berythromycin,CC[C@H]1OC(=O)[C@H](C)[C@@H](OC2CC(C)(OC)C(O)C(C)O2)C(C)[C@@H](OC2OC(C)CC(N(C)C)C2O)[C@](C)(O)C[C@@H](C)C(=O)[C@H](C)[C@@H](O)[C@H]1C,0,0,0,0,0,7.215,0,0,0,,1.923,0.4077
butikacin,NCCC(O)CNC1CC(N)C(OC2OC(CN)C(O)C(O)C2O)C(O)C1OC1OC(CO)C(O)C(N)C1O,0,0,0,0,0,5.63,0,0,0,,2.408,0.3077
carbuterol,CC(C)(C)NCC(O)c1ccc(O)c(NC(N)=O)c1,1,0,1,1,0,1.426,0,0,0,,1.878,0.5803
carfecillin,CC1(C)S[C@@H]2[C@H](NC(=O)C(C(=O)Oc3ccccc3)c3ccccc3)C(=O)N2[C@H]1C(=O)O,1,1,1,1,0,3.675,1,0,0,,2.8,0.4729
carindacillin,CC1(C)S[C@@H]2[C@H](NC(=O)C(C(=O)Oc3ccc4c(c3)CCC4)c3ccccc3)C(=O)N2[C@H]1C(=O)O,1,0,1,1,0,3.988,1,0,0,,2.964,0.4729
carubicin,CC(=O)[C@]1(O)Cc2c(O)c3c(c(O)c2C(OC2CC(N)C(O)C(C)O2)C1)C(=O)c1c(O)cccc1C3=O,0,0,0,0,1,4.482,0,0,0,,3.053,0.1848
carumonam,NC(=O)OCC1[C@H](NC(=O)/C(=N\OCC(=O)O)c2csc(N)n2)C(=O)N1S(=O)(=O)O,0,0,0,0,0,2.4,0,0,0,,3.133,0.3719
cefaclor,N[C@@H](C(=O)N[C@@H]1C(=O)N2C(C(=O)O)=C(Cl)CS[C@H]12)c1ccccc1,1,1,1,1,0,2.96,0,0,1,acrylamide_warhead,3.312,0.5392
cefadroxil,CC1=C(C(=O)O)N2C(=O)[C@@H](NC(=O)[C@H](N)c3ccc(O)cc3)[C@H]2SC1,1,1,0,1,0,2.925,0,0,1,acrylamide_warhead,2.73,0.5207
cefalexin,CC1=C(C(=O)O)N2C(=O)[C@@H](NC(=O)[C@H](N)c3ccccc3)[C@H]2SC1,1,1,1,1,0,2.905,0,0,1,acrylamide_warhead,2.65,0.5432
cefaloram,CC(=O)OCC1=C(C(=O)O)N2C(=O)[C@@H](NC(=O)Cc3ccccc3)[C@H]2SC1,1,1,1,1,0,2.69,0,0,1,acrylamide_warhead,2.633,0.5325
cefaparole,Cc1nnc(SCC2=C(C(=O)O)N3C(=O)[C@@H](NC(=O)C(N)c4ccc(O)cc4)[C@H]3SC2)s1,0,0,0,0,0,3.411,0,0,1,acrylamide_warhead,3.166,0.4719
cefatrizine,NC(C(=O)N[C@@H]1C(=O)N2C(C(=O)O)=C(CSc3cn[nH]n3)CS[C@H]12)c1ccc(O)cc1,0,1,0,0,0,3.437,0,0,1,acrylamide_warhead,3.236,0.456
cefazaflur,Cn1nnnc1SCC1=C(C(=O)[O-])N2C(=O)[C@@H](NC(=O)CSC(F)(F)F)[C@H]2SC1,1,0,0,1,0,2.484,0,0,1,acrylamide_warhead,4.624,0.4924
cefazedone,Cc1nnc(SCC2=C(C(=O)O)N3C(=O)[C@@H](NC(=O)Cn4cc(Cl)c(=O)c(Cl)c4)[C@H]3SC2)s1,1,0,0,1,0,3.16,0,0,1,acrylamide_warhead; cyp_pyridine_heme,4.297,0.4781
cefcanel,Cc1nnc(SCC2=C(C(=O)O)N3C(=O)[C@@H](NC(=O)[C@H](O)c4ccccc4)[C@H]3SC2)s1,1,1,0,1,0,3.391,0,0,1,acrylamide_warhead,3.109,0.4921
cefcanel-daloxate,Cc1nnc(SCC2=C(C(=O)OCc3oc(=O)oc3C)N3C(=O)C(NC(=O)C(OC(=O)C(C)N)c4ccccc4)C3SC2)s1,0,0,0,0,0,4.186,0,0,1,acrylamide_warhead,3.363,0.3968
cefcapene,CC/C=C(\C(=O)N[C@@H]1C(=O)N2C(C(=O)O)=C(COC(N)=O)CS[C@H]12)c1csc(N)n1,0,1,0,0,0,2.726,0,0,1,acrylamide_warhead,2.918,0.4764
cefdaloxime,COCC1=C(C(=O)O)N2C(=O)[C@@H](NC(=O)/C(=N\O)c3csc(N)n3)[C@H]2SC1,0,0,0,0,0,2.661,0,0,1,acrylamide_warhead,3.059,0.4287
cefdinir,C=CC1=C(C(=O)O)N2C(=O)[C@@H](NC(=O)/C(=N\O)c3csc(N)n3)[C@H]2SC1,0,1,0,0,0,2.813,0,0,1,acrylamide_warhead,3.113,0.4406
cefditoren,CO/N=C(\C(=O)NC1C(=O)N2C(C(=O)O)=C(/C=C\c3scnc3C)CS[C@H]12)c1csc(N)n1,0,0,0,0,0,3.244,0,0,1,acrylamide_warhead,3.262,0.4283
cefedrolor,CC1=C(C(=O)O)N2C(=O)[C@@H](NC(=O)[C@H](N)c3ccc(O)c(Cl)c3)[C@H]2SC1,1,1,0,1,0,2.945,0,0,1,acrylamide_warhead,3.304,0.5175
cefetamet,CO/N=C(\C(=O)N[C@@H]1C(=O)N2C(C(=O)O)=C(C)CS[C@H]12)c1csc(N)n1,0,1,0,1,0,2.641,0,0,1,acrylamide_warhead,2.999,0.4912
cefetrizole,O=C(Cc1cccs1)N[C@@H]1C(=O)N2C(C(=O)O)=C(CSc3ncn[nH]3)CS[C@H]12,1,1,1,1,0,3.085,0,0,1,acrylamide_warhead; cyp_terminal_thiophene,3.236,0.5091
cefivitril,Cn1nnnc1SCC1=C(C(=O)O)N2C(=O)[C@@H](NC(=O)CS/C=C\C#N)[C@H]2SC1,0,1,0,0,0,2.65,0,0,1,acrylamide_warhead,3.028,0.4663
cefixime,C=CC1=C(C(=O)O)N2C(=O)[C@@H](NC(=O)/C(=N\OCC(=O)O)c3csc(N)n3)[C@H]2SC1,0,0,0,0,0,2.85,0,0,1,acrylamide_warhead,3.1,0.4396
cefmenoxime,CO/N=C(\C(=O)N[C@@H]1C(=O)N2C(C(=O)O)=C(CSc3nnnn3C)CS[C@H]12)c1csc(N)n1,0,0,0,0,0,3.11,0,0,1,acrylamide_warhead,3.445,0.3867
cefmetazole,CO[C@@]1(NC(=O)CSCC#N)C(=O)N2C(C(=O)O)=C(CSc3nnnn3C)CS[C@@H]21,0,0,0,0,0,2.51,0,0,1,acrylamide_warhead,2.973,0.4128
cefminox,CO[C@@]1(NC(=O)CSC[C@@H](N)C(=O)O)C(=O)N2C(C(=O)O)=C(CSc3nnnn3C)CS[C@@H]21,0,0,0,0,0,2.785,0,0,1,acrylamide_warhead,2.995,0.3663
cefodizime,CO/N=C(/C(=O)N[C@@H]1C(=O)N2C(C(=O)O)=C(CSc3nc(C)c(CC(=O)O)s3)CS[C@H]12)c1csc(N)n1,0,0,0,0,0,3.22,0,0,1,acrylamide_warhead,3.298,0.3598
cefonicid,O=C(O)C1=C(CSc2nnnn2CS(=O)(=O)O)CS[C@@H]2[C@H](NC(=O)C(O)c3ccccc3)C(=O)N12,0,0,0,0,0,3.45,0,0,1,acrylamide_warhead,3.39,0.3753
ceforanide,NCc1ccccc1CC(=O)N[C@@H]1C(=O)N2C(C(=O)O)=C(CSc3nnnn3CC(=O)O)CS[C@H]12,0,0,0,0,0,3.18,0,0,1,acrylamide_warhead,3.206,0.4225
cefotetan,CO[C@@]1(NC(=O)C2SC(=C(C(N)=O)C(=O)O)S2)C(=O)N2C(C(=O)O)=C(CSc3nnnn3C)CS[C@@H]21,0,0,0,0,0,3.126,0,0,1,acrylamide_warhead,3.454,0.3081
cefotiam,CN(C)CCn1nnnc1SCC1=C(C(=O)O)N2C(=O)[C@@H](NC(=O)Cc3csc(N)n3)[C@H]2SC1,0,0,0,0,0,2.98,0,0,1,acrylamide_warhead,3.212,0.4134
cefoxazole,CC(=O)OCC1=C(C(=O)O)N2C(=O)[C@@H](NC(=O)c3c(-c4ccccc4Cl)noc3C)[C@H]2SC1,1,0,0,1,0,3.217,0,0,1,acrylamide_warhead,3.562,0.5338
cefpiramide,Cc1cc(=O)c(C(=O)N[C@@H](C(=O)NC2C(=O)N3C(C(=O)O)=C(CSc4nnnn4C)CS[C@H]23)c2ccc(O)cc2)c[nH]1,0,0,0,0,0,4.004,0,0,1,acrylamide_warhead; cyp_pyridine_heme,3.49,0.3747
cefpodoxime,COCC1=C(C(=O)[O-])N2C(=O)[C@@H](NC(=O)/C(=N\OC)c3csc(N)n3)[C@H]2SC1,0,0,0,0,0,2.63,0,0,1,acrylamide_warhead,2.973,0.4832
cefprozil,C/C=C/C1=C(C(=O)O)N2C(=O)[C@@H](NC(=O)[C@H](N)c3ccc(O)cc3)[C@H]2SC1,1,1,0,1,0,3.007,0,0,1,acrylamide_warhead,2.678,0.5236
cefrotil,CC1=C(C(=O)O)N2C(=O)[C@@H](NC(=O)Cc3ccc(C4=NCCCN4)cc3)[C@H]2SC1,1,1,1,1,0,3.0,0,0,1,acrylamide_warhead,2.811,0.5419
cefroxadine,COC1=C(C(=O)O)N2C(=O)C(NC(=O)C(N)C3C=CCC=C3)C2SC1,1,1,1,1,0,2.775,0,0,1,acrylamide_warhead,2.63,0.5171
cefsumide,CC1=C(C(=O)O)N2C(=O)[C@@H](NC(=O)[C@H](N)c3cccc(NS(C)(=O)=O)c3)[C@H]2SC1,0,1,0,0,0,2.956,0,0,1,acrylamide_warhead; cyp_aniline,2.859,0.5005
cefteram,CO/N=C(\C(=O)N[C@@H]1C(=O)N2C(C(=O)O)=C(Cn3nnc(C)n3)CS[C@H]12)c1csc(N)n1,0,0,0,0,0,3.09,0,0,1,acrylamide_warhead,3.4,0.4742
ceftezole,O=C(Cn1cnnn1)N[C@@H]1C(=O)N2C(C(=O)O)=C(CSc3nncs3)CS[C@H]12,0,0,0,0,0,2.998,0,0,1,acrylamide_warhead,3.499,0.4788
ceftibuten,Nc1nc(/C(=C/CC(=O)O)C(=O)N[C@@H]2C(=O)N3C(C(=O)O)=CCS[C@H]23)cs1,0,1,0,0,0,2.77,0,0,1,acrylamide_warhead,3.02,0.4867
ceftiofur,CO/N=C(\C(=O)N[C@@H]1C(=O)N2C(C(=O)O)=C(CSC(=O)c3ccco3)CS[C@H]12)c1csc(N)n1,0,0,0,0,0,3.264,0,0,1,acrylamide_warhead; cyp_terminal_furan,3.313,0.4216
ceftiolene,CO/N=C(\C(=O)N[C@@H]1C(=O)N2C(C(=O)O)=C(/C=C/Sc3n[nH]c(=O)c(=O)n3CC=O)CS[C@H]12)c1csc(N)n1,0,0,0,0,0,3.38,0,0,1,acrylamide_warhead,3.462,0.3118
ceftioxide,CO/N=C(\C(=O)N[C@@H]1C(=O)N2C(C(=O)O)=C(COC(C)=O)CS(=O)[C@H]12)c1csc(N)n1,0,0,0,0,0,2.97,0,0,1,acrylamide_warhead,3.052,0.4553
ceftizoxime,CO/N=C(\C(=O)N[C@@H]1C(=O)N2C(C(=O)O)=CCS[C@H]12)c1csc(N)n1,0,0,0,1,0,2.681,0,0,1,acrylamide_warhead,3.094,0.4892
cefuracetime,CO/N=C(\C(=O)N[C@@H]1C(=O)N2C(C(=O)O)=C(COC(C)=O)CS[C@H]12)c1ccco1,0,1,0,1,0,2.706,0,0,1,acrylamide_warhead; cyp_terminal_furan,2.859,0.4976
cefuroxime-axetil,CO/N=C(\C(=O)N[C@@H]1C(=O)N2C(C(=O)OC(C)OC(C)=O)=C(COC(N)=O)CS[C@H]12)c1ccco1,0,0,0,0,0,3.02,0,0,1,acrylamide_warhead; cyp_terminal_furan,2.866,0.3903
cefuroxime-pivoxetil,COCCCC(=O)OC(C)OC(=O)C1=C(COC(N)=O)CS[C@@H]2[C@H](NC(=O)/C(=N\OC)c3ccco3)C(=O)N12,0,0,0,0,0,3.006,0,0,1,acrylamide_warhead; cyp_terminal_furan,2.748,0.3407
cefuzonam,CO/N=C(\C(=O)N[C@@H]1C(=O)N2C(C(=O)O)=C(CSc3cnns3)CS[C@H]12)c1csc(N)n1,0,0,0,0,0,3.165,0,0,1,acrylamide_warhead,3.45,0.3929
cephacetrile,CC(=O)OCC1=C(C(=O)[O-])N2C(=O)[C@H](NC(=O)CC#N)[C@@H]2SC1,1,0,0,0,0,2.106,0,0,1,acrylamide_warhead,2.535,0.5089
cephaloglycin,CC(=O)OCC1=C(C(=O)O)N2C(=O)[C@@H](NC(=O)[C@H](N)c3ccccc3)[C@H]2SC1,1,1,0,1,0,2.96,0,0,1,acrylamide_warhead,2.705,0.5077
cephalosporin-c,CC(=O)OCC1=C(C(=O)O)N2C(=O)[C@@H](NC(=O)CCC[C@@H](N)C(=O)O)[C@H]2SC1,0,0,0,0,0,2.335,0,0,1,acrylamide_warhead,2.436,0.4556
cephalothin,CC(=O)OCC1=C(C(=O)O)N2C(=O)[C@@H](NC(=O)Cc3cccs3)[C@H]2SC1,1,1,1,1,0,2.62,0,0,1,acrylamide_warhead; cyp_terminal_thiophene,2.754,0.5343
cetocycline,CC(=O)C1=C(O)[C@@]2(O)C(=O)c3c(c(C)c4ccc(C)c(O)c4c3O)C[C@H]2[C@@H](N)C1=O,0,1,0,0,0,3.368,0,0,1,acrylamide_warhead,2.745,0.5155
clarithromycin,CC[C@H]1OC(=O)[C@H](C)[C@@H](O[C@H]2C[C@@](C)(OC)[C@@H](O)[C@H](C)O2)[C@H](C)[C@@H](O[C@@H]2O[C@H](C)C[C@H](N(C)C)[C@H]2O)[C@](C)(OC)C[C@@H](C)C(=O)[C@H](C)[C@@H](O)[C@]1(C)O,0,0,0,0,0,7.253,0,0,0,,1.95,0.4008
clindamycin,CCC[C@@H]1C[C@@H](C(=O)NC(C(C)Cl)[C@H]2O[C@H](SC)[C@H](O)[C@@H](O)[C@H]2O)N(C)C1,1,1,1,1,0,3.357,0,0,1,haloacetamide_warhead,2.344,0.5475
clindamycin-phosphate,CCC[C@@H]1C[C@@H](C(=O)NC(C(C)Cl)[C@H]2O[C@H](SC)[C@H](OP(=O)(O)O)[C@@H](O)[C@H]2O)N(C)C1,0,0,0,1,0,3.437,0,0,1,haloacetamide_warhead,2.603,0.4261
clometocillin,COC(C(=O)N[C@@H]1C(=O)N2[C@@H]1SC(C)(C)[C@@H]2C(=O)O)c1ccc(Cl)c(Cl)c1,1,1,1,1,0,3.025,1,0,0,,3.635,0.5628
clomocycline,CN(C)[C@@H]1C(=O)/C(=C(/O)NCO)C(=O)[C@@]2(O)C(=O)C3=C(O)c4c(O)ccc(Cl)c4[C@@](C)(O)[C@H]3C[C@@H]12,0,0,0,0,0,3.828,0,0,1,acrylamide_warhead,3.381,0.3007
cyclacillin,CC1(C)S[C@@H]2[C@H](NC(=O)C3(N)CCCCC3)C(=O)N2[C@H]1C(=O)O,1,1,1,1,0,2.3,0,0,0,,2.303,0.5417
cyclosporina,CC=CCC(C)C(O)C1C(=O)NC(CC)C(=O)N(C)CC(=O)N(C)C(CC(C)C)C(=O)NC(C(C)C)C(=O)N(C)C(CC(C)C)C(=O)NC(C)C(=O)NC(C)C(=O)N(C)C(CC(C)C)C(=O)N(C)C(CC(C)C)C(=O)N(C)C(C(C)C)C(=O)N1C,0,0,0,0,0,5.902,0,0,0,,1.48,0.3727
dactinomycin,Cc1c2oc3c(C)ccc(C(=O)NC4C(=O)NC(C(C)C)C(=O)N5CCCC5C(=O)N(C)CC(=O)N(C)C(C(C)C)C(=O)OC4C)c3nc-2c(C(=O)NC2C(=O)NC(C(C)C)C(=O)N3CCCC3C(=O)N(C)CC(=O)N(C)C(C(C)C)C(=O)OC2C)c(N)c1=O,0,0,0,0,0,7.815,0,0,0,cyp_aniline,3.543,0.3338
demecycline,CN(C)[C@@H]1C(=O)/C(=C(\N)O)C(=O)[C@@]2(O)C(=O)C3=C(O)c4c(O)cccc4[C@@H](O)[C@H]3C[C@@H]12,0,0,0,0,0,3.813,0,0,1,acrylamide_warhead,2.863,0.3851
detorubicin,CCOC(OCC)C(=O)OCC(=O)C1(O)Cc2c(O)c3c(c(O)c2C(OC2CC(N)C(O)C(C)O2)C1)C(=O)c1c(OC)cccc1C3=O,0,0,0,0,1,4.592,0,0,0,,3.025,0.1783
dibekacin,NCC1CCC(N)C(OC2C(N)CC(N)C(OC3OC(CO)C(O)C(N)C3O)C2O)O1,0,0,0,0,0,4.72,0,0,0,,2.358,0.3764
dicloxacillin,Cc1onc(-c2c(Cl)cccc2Cl)c1C(=O)N[C@@H]1C(=O)N2[C@@H]1SC(C)(C)[C@@H]2C(=O)O,1,1,1,1,0,3.308,1,0,0,,4.005,0.5804
dihydrostreptomycin,CN[C@@H]1[C@H](O[C@H]2[C@H](O[C@@H]3[C@@H](O)[C@H](O)[C@@H](N=C(N)N)[C@H](O)[C@H]3N=C(N)N)O[C@@H](C)[C@]2(O)CO)O[C@@H](CO)[C@H](O)[C@H]1O,0,0,0,0,0,5.514,0,0,0,,2.601,0.2898
diosmin,COc1ccc(-c2cc(=O)c3c(O)cc(O[C@@H]4O[C@H](CO[C@@H]5O[C@@H](C)[C@H](O)[C@@H](O)[C@H]5O)[C@@H](O)[C@H](O)[C@H]4O)cc3o2)cc1O,0,0,0,0,0,5.553,0,0,0,,3.175,0.3433
dipivefrin,CNCC(O)c1ccc(OC(=O)C(C)(C)C)c(OC(=O)C(C)(C)C)c1,1,1,1,1,0,1.405,1,0,0,,1.557,0.6007
diproleandomycin,CCC(=O)O[C@H]1[C@H](C)O[C@@H](O[C@@H]2C(C)C(=O)O[C@H](C)[C@H](C)[C@H](OC(=O)CC)[C@@H](C)C(=O)[C@]3(CO3)CC(C)[C@H](O[C@@H]3O[C@H](C)C[C@H](N(C)C)[C@H]3O)[C@H]2C)C[C@@H]1OC,0,0,0,0,0,8.337,0,0,1,epoxide_warhead,2.282,0.3779
dipyridamole,OCCN(CCO)c1nc(N2CCCCC2)c2nc(N(CCO)CCO)nc(N3CCCCC3)c2n1,0,0,0,0,0,2.22,0,0,0,,2.6,0.5308
dirithromycin,CC[C@H]1OC(=O)[C@H](C)[C@@H](O[C@H]2C[C@@](C)(OC)[C@@H](O)[C@H](C)O2)[C@H](C)[C@@H](O[C@@H]2O[C@H](C)C[C@H](N(C)C)[C@H]2O)[C@](C)(O)C[C@@H](C)[C@@H]2N[C@@H](COCCOC)O[C@H]([C@H]2C)[C@]1(C)O,0,0,0,0,0,8.189,0,0,0,,2.247,0.355
docetaxel,CC(=O)O[C@@]12CO[C@@H]1C[C@H](O)[C@@]1(C)C(=O)[C@H](O)C3=C(C)[C@@H](OC(=O)[C@H](O)[C@@H](NC(=O)OC(C)(C)C)c4ccccc4)C[C@@](O)([C@@H](OC(=O)c4ccccc4)[C@H]21)C3(C)C,0,0,0,0,0,7.14,0,0,0,,3.129,0.3717
efrotomycin,C/C=C/C=C/C1OC(O)(C(CC)C(=O)NC/C=C/C=C(\C)C(OC)C(C)C2OC(/C=C/C=C/C=C(\C)C(=O)c3c(O)n(C)ccc3=O)C(O)C2O)C(O)C(OC2OC(C)C(OC3OC(C)C(OC)C(O)C3OC)C(OC)C2O)C1(C)C,0,0,0,0,0,8.847,0,0,1,acrylamide_warhead; cyp_pyridine_heme,2.8,0.2571
emetine,CC[C@H]1CN2CCc3cc(OC)c(OC)cc3[C@@H]2C[C@@H]1C[C@H]1NCCc2cc(OC)c(OC)cc21,1,0,1,1,0,3.747,1,0,0,,2.545,0.7261
epicillin,CC1(C)S[C@@H]2[C@H](NC(=O)[C@H](N)C3=CCC=CC3)C(=O)N2[C@H]1C(=O)O,1,1,1,1,0,2.855,0,0,0,,2.45,0.5185
eqvalan,CCC(C)[C@H]1O[C@]2(CC[C@@H]1C)CC1C[C@@H](C/C=C(\C)[C@@H](O[C@H]3C[C@H](OC)[C@@H](OC4C[C@H](OC)[C@@H](O)[C@H](C)O4)[C@H](C)O3)[C@@H](C)/C=C/C=C3\CO[C@@H]4[C@H](O)C(C)=C[C@@H](C(=O)O1)[C@]34O)O2,0,0,0,0,0,10.0,0,0,0,,3.127,0.3889
esorubicin,COc1cccc2c1C(=O)c1c(O)c3c(c(O)c1C2=O)C[C@](O)(C(=O)CO)C[C@H]3OC1CC(N)CC(C)O1,0,0,0,0,1,4.227,0,0,0,,3.013,0.209
etamocycline,CN(CCN(C)CN/C(O)=C1\C(=O)[C@@H](N(C)C)[C@@H]2C[C@H]3C(=C(O)c4c(O)cccc4[C@@]3(C)O)C(=O)[C@]2(O)C1=O)CN/C(O)=C1\C(=O)[C@@H](N(C)C)[C@@H]2C[C@H]3C(=C(O)c4c(O)cccc4[C@@]3(C)O)C(=O)[C@]2(O)C1=O,0,0,0,0,0,7.164,0,0,1,acrylamide_warhead,3.933,0.2584
etilefrine,CCNCC(O)c1cccc(O)c1,1,0,1,0,0,1.38,1,0,0,,1.672,0.5993
felodipine,CCOC(=O)C1=C(C)NC(C)=C(C(=O)OC)C1c1cccc(Cl)c1Cl,1,1,1,1,0,2.05,1,0,1,acrylamide_warhead,3.173,0.7189
fenbenicillin,CC1(C)S[C@@H]2[C@H](NC(=O)C(Oc3ccccc3)c3ccccc3)C(=O)N2[C@H]1C(=O)O,1,1,1,1,0,3.618,1,0,0,,2.745,0.5705
fenoxazoline,CC(C)c1ccccc1OCC1=NCCN1,1,0,1,1,0,1.466,1,0,0,,1.793,0.741
fexofenadine,CC(C)(C(=O)O)c1ccc(C(O)CCCN2CCC(C(O)(c3ccccc3)c3ccccc3)CC2)cc1,1,0,1,0,0,2.902,0,0,0,,2.28,0.4798
fibracillin,CC(C)(Oc1ccc(Cl)cc1)C(=O)N[C@@H](C(=O)N[C@@H]1C(=O)N2[C@@H]1SC(C)(C)[C@@H]2C(=O)O)c1ccccc1,1,0,1,1,0,3.678,0,0,0,,3.284,0.5031
flomoxef,CO[C@@]1(NC(=O)CSC(F)(F)F)C(=O)N2C(C(=O)O)=C(CSc3nnnn3CCO)CO[C@@H]21,0,0,0,0,0,2.49,0,0,1,acrylamide_warhead,4.556,0.3845
flurithromycin,CC[C@H]1OC(=O)[C@H](C)[C@@H](O[C@H]2C[C@@](C)(OC)[C@@H](O)[C@H](C)O2)[C@H](C)[C@@H](O[C@@H]2O[C@H](C)C[C@H](N(C)C)[C@H]2O)[C@](C)(O)C[C@](C)(F)C(=O)[C@H](C)[C@@H](O)[C@]1(C)O,0,0,0,0,0,7.255,0,0,0,,2.509,0.3943
fropenem,C[C@@H](O)[C@H]1C(=O)N2C(C(=O)O)=C([C@H]3CCCO3)S[C@H]12,1,0,1,1,0,2.63,0,0,1,acrylamide_warhead,2.472,0.5598
fumoxicillin,CC1(C)S[C@@H]2[C@H](NC(=O)[C@@H](N=Cc3ccco3)c3ccc(O)cc3)C(=O)N2[C@H]1C(=O)O,1,1,0,1,0,3.62,0,0,0,cyp_terminal_furan,2.901,0.5271
furbucillin,CC(C)CC(OC(=O)c1ccco1)C(=O)N[C@@H]1C(=O)N2[C@@H]1SC(C)(C)[C@@H]2C(=O)O,1,1,1,1,0,2.935,0,0,0,cyp_terminal_furan,2.471,0.5393
fusidic-acid,CC(=O)O[C@H]1C[C@@]2(C)[C@@H](C[C@@H](O)[C@H]3[C@@]4(C)CC[C@@H](O)[C@@H](C)[C@@H]4CC[C@@]32C)/C1=C(\CCC=C(C)C)C(=O)O,1,0,1,0,0,4.672,0,0,1,acrylamide_warhead,2.041,0.5252
gentamicin,CNC(C)C1CCC(N)C(OC2C(N)CC(N)C(OC3OCC(C)(O)C(NC)C3O)C2O)O1,0,0,0,0,0,4.76,0,0,0,,2.191,0.3861
gloximonam,CO/N=C(\C(=O)N[C@@H]1C(=O)N(OCC(=O)OCC(=O)OC(C)(C)C)[C@H]1C)c1csc(N)n1,0,1,0,0,0,2.173,0,0,0,,2.468,0.4418
gramicidin-s-2,CC(C)CC1NC(=O)C(CCCN)NC(=O)C(C(C)C)NC(=O)C2CCCN2C(=O)C(Cc2ccccc2)NC(=O)C(CC(C)C)NC(=O)C(CCCN)NC(=O)C(C(C)C)NC(=O)C2CCCN2C(=O)C(Cc2ccccc2)NC1=O,0,0,0,0,0,6.93,0,0,0,,2.798,0.3257
grepafloxacin,Cc1c(F)c(N2CCNC(C)C2)cc2c1c(=O)c(C(=O)O)cn2C1CC1,1,1,1,1,0,2.602,1,0,0,cyp_pyridine_heme,3.129,0.6827
guamecycline,CN(C)C1C(=O)/C(=C(/O)NCN2CCN(C(=N)N=C(N)N)CC2)C(=O)C2(O)C(=O)C3=C(O)c4c(O)cccc4C(C)(O)C3CC12,0,0,0,0,0,4.321,0,0,1,acrylamide_warhead,3.18,0.2689
hetacillin,CC1(C)S[C@@H]2[C@H](N3C(=O)[C@@H](c4ccccc4)NC3(C)C)C(=O)N2[C@H]1C(=O)O,1,1,1,1,0,3.308,1,0,0,,2.668,0.5859
hydroxyamphetamine,CC(Cc1ccccc1)NO,1,0,1,0,0,1.42,1,0,0,,1.579,0.638
hydroxyephedrine,CNC(C)C(O)c1ccc(O)cc1,1,0,1,0,0,1.63,1,0,0,,1.672,0.5981
hymecromone,Cc1cc(=O)oc2cc(O)ccc12,1,0,1,0,0,1.84,1,0,0,,2.212,0.6074
idarubicin,CC(=O)[C@]1(O)Cc2c(O)c3c(c(O)c2[C@@H](O[C@H]2C[C@H](N)[C@H](O)[C@H](C)O2)C1)C(=O)c1ccccc1C3=O,0,0,0,0,1,4.462,0,0,0,,2.995,0.2354
imipenem,C[C@H](O)[C@H]1C(=O)N2C(C(=O)O)=C(SCCN=CN)C[C@H]12,1,1,1,1,0,2.15,0,0,1,acrylamide_warhead,2.333,0.4644
isepamicin,CNC1C(O)C(OC2C(NC(=O)C(O)CN)CC(N)C(OC3OC(CN)C(O)C(O)C3O)C2O)OCC1(C)O,0,0,0,0,0,5.435,0,0,0,,2.444,0.3151
isopropicillin,CC(C)(Oc1ccccc1)C(=O)N[C@@H]1C(=O)N2[C@@H]1SC(C)(C)[C@@H]2C(=O)O,1,1,1,1,0,2.72,1,0,0,,2.423,0.5834
josamycin,CO[C@@H]1[C@@H](O[C@@H]2O[C@H](C)[C@@H](O[C@H]3C[C@@](C)(O)[C@@H](OC(=O)CC(C)C)[C@H](C)O3)[C@H](N(C)C)[C@H]2O)[C@@H](CC=O)C[C@@H](C)[C@@H](O)/C=C/C=C/C[C@@H](C)OC(=O)C[C@H]1OC(C)=O,0,0,0,0,0,7.039,0,0,0,,2.08,0.3733
lenampicillin,Cc1oc(=O)oc1COC(=O)[C@@H]1N2C(=O)[C@@H](NC(=O)[C@H](N)c3ccccc3)[C@H]2SC1(C)C,0,1,0,1,0,3.526,0,0,0,,2.888,0.5355
lenapenem,CNCC[C@@H](O)[C@@H]1C[C@H](SC2=C(C(=O)O)N3C(=O)[C@H]([C@@H](C)O)[C@H]3[C@H]2C)CN1,1,0,1,1,0,3.407,0,0,1,acrylamide_warhead,2.278,0.4824
leurubicin,COc1cccc2c1C(=O)c1c(O)c3c(c(O)c1C2=O)C[C@@](O)(C(=O)CO)C[C@@H]3O[C@H]1C[C@H](NC(=O)[C@@H](N)CC(C)C)[C@H](O)[C@H](C)O1,0,0,0,0,1,4.822,0,0,0,,2.981,0.1673
lexithromycin,CC[C@H]1OC(=O)[C@H](C)[C@@H](OC2CC(C)(OC)C(O)C(C)O2)C(C)[C@@H](OC2OC(C)CC(N(C)C)C2O)[C@](C)(O)C[C@@H](C)/C(=N\OC)[C@H](C)[C@@H](O)[C@]1(C)O,0,0,0,0,0,7.273,0,0,0,,1.991,0.3725
lincomycin,CCCC1CC(C(=O)NC(C(C)O)C2OC(SC)C(O)C(O)C2O)N(C)C1,1,0,1,1,0,3.357,0,0,0,,1.844,0.5413
loracarbef,N[C@@H](C(=O)NC1C(=O)N2C(C(=O)O)=C(Cl)CCC12)c1ccccc1,1,1,1,1,0,2.905,0,0,1,acrylamide_warhead,3.15,0.5503
losartan,CCCCc1nc(Cl)c(CO)n1Cc1ccc(-c2ccccc2-c2nn[nH]n2)cc1,1,1,1,1,0,2.673,1,0,0,,3.282,0.6267
lymecycline,CN(C)[C@@H]1C(=O)/C(=C(/N)O)C(=O)[C@@]2(O)C(=O)C3=C(O)c4c(O)ccc(Cl)c4[C@@](C)(O)[C@H]3C[C@@H]12,0,1,0,0,0,3.819,0,0,1,acrylamide_warhead,3.373,0.384
mecillinam,CC1(C)S[C@@H]2[C@H](N=CN3CCCCCC3)C(=O)N2[C@H]1C(=O)O,1,1,1,1,0,2.28,1,0,0,,2.215,0.519
mecloxamine,CC(CN(C)C)OC(C)(c1ccccc1)c1ccc(Cl)cc1,1,1,1,1,0,2.198,1,0,0,,2.214,0.7357
medorubicin,CC1OC(OC2CC(O)(C(=O)CO)Cc3c(O)c4c(c(O)c32)C(=O)c2ccccc2C4=O)CC(N)C1O,0,0,0,0,1,4.482,0,0,0,,3.053,0.1838
meropenem,C[C@H](O)C1C(=O)N2C(C(=O)O)=C(S[C@@H]3CN[C@H](C(=O)N(C)C)C3)[C@H](C)C12,1,1,1,1,0,3.223,0,0,1,acrylamide_warhead,2.374,0.5613
metampicillin,C=NC(C(=O)NC1C(=O)N2C1SC(C)(C)C2C(=O)O)c1ccccc1,1,1,1,1,0,3.056,1,0,0,,2.531,0.5802
methacycline,C=C1c2cccc(O)c2C(O)=C2C(=O)[C@]3(O)C(=O)/C(=C(/N)O)C(=O)[C@@H](N(C)C)[C@@H]3[C@@H](O)[C@H]12,0,0,0,0,0,3.908,0,0,1,acrylamide_warhead,2.883,0.3816
methoxyphedrine,CNC(C)C(=O)c1ccc(OC)cc1,1,0,1,0,0,1.444,1,0,0,,1.652,0.6686
meticillin,COc1cccc(OC)c1C(=O)N[C@@H]1C(=O)N2[C@@H]1SC(C)(C)[C@@H]2C(=O)O,1,1,1,1,0,2.755,0,0,0,,2.562,0.5994
mezlocillin,CC1(C)S[C@@H]2[C@H](NC(=O)[C@H](NC(=O)N3CCN(S(C)(=O)=O)C3=O)c3ccccc3)C(=O)N2[C@H]1C(=O)O,0,0,0,0,0,3.549,0,0,0,,3.069,0.4945
mibefradil,COCC(=O)O[C@]1(CCN(C)CCCc2nc3ccccc3[nH]2)CCc2cc(F)ccc2[C@@H]1C(C)C,0,0,1,0,0,2.999,1,0,0,cyp_imidazole_heme,2.87,0.5878
midecamycin,CCC(=O)OC1CC(=O)OC(C)C/C=C/C=C\C(O)C(C)CC(CC=O)C(O[C@@H]2O[C@H](C)[C@@H](O[C@H]3C[C@@](C)(O)[C@H](OC(=O)CC)[C@@H](C)O3)[C@H](N(C)C)[C@H]2O)C1OC,0,0,0,0,0,7.024,0,0,0,,2.098,0.3759
mikamycin,CCC1NC(=O)C(NC(=O)c2ncccc2O)C(C)OC(=O)C(c2ccccc2)NC(=O)C2CC(=O)CCN2C(=O)C(Cc2ccc(N(C)C)cc2)N(C)C(=O)C2CCCN2C1=O,0,0,0,0,1,6.377,0,0,0,cyp_pyridine_heme,3.302,0.2154
mirincamycin,CCCCCC1CNC(C(=O)NC(C(C)Cl)C2OC(SC)C(O)C(O)C2O)C1,1,1,1,1,0,3.373,0,0,1,haloacetamide_warhead,2.306,0.5155
mitomycin,CO[C@@]12[C@H](COC(N)=O)C3=C(C(=O)C(C)=C(N)C3=O)N1C[C@@H]1N[C@@H]12,0,0,0,1,1,3.24,0,0,1,acrylamide_warhead,2.898,0.2843
moxalactam,CO[C@@]1(NC(=O)C(C(=O)O)c2ccc(O)cc2)C(=O)N2C(C(=O)O)=C(CSc3nnnn3C)CO[C@@H]21,0,0,0,0,0,3.45,0,0,1,acrylamide_warhead,3.253,0.3541
neamine,NC[C@H]1O[C@H](O[C@H]2[C@H](O)[C@@H](O)[C@H](N)C[C@@H]2N)[C@H](N)[C@@H](O)[C@@H]1O,0,0,0,0,0,3.44,0,0,0,,2.164,0.4209
netilmicin,CCN[C@@H]1C[C@H](N)[C@@H](O[C@H]2OC(CN)=CC[C@H]2N)[C@H](O)[C@H]1O[C@H]1OC[C@](C)(O)[C@H](NC)[C@H]1O,0,0,0,0,0,4.374,0,0,0,,2.267,0.3729
nicardipine,COC(=O)C1=C(C)NC(C)=C(C(=O)OCCN(C)Cc2ccccc2)C1c1cccc([N+](=O)[O-])c1,1,0,1,1,0,2.631,1,0,1,acrylamide_warhead,2.425,0.5523
nifedipine,COC(=O)C1=C(C)NC(C)=C(C(=O)OC)C1c1ccccc1[N+](=O)[O-],1,1,1,1,0,1.847,1,0,1,acrylamide_warhead,2.325,0.5939
nitrendipine,CCOC(=O)C1=C(C)NC(C)=C(C(=O)OC)C1c1cccc([N+](=O)[O-])c1,1,1,1,1,0,2.07,1,0,1,acrylamide_warhead,2.256,0.5992
nitrocycline,CN(C)[C@@H]1C(=O)/C(=C(\N)O)C(=O)[C@@]2(O)C(=O)C3=C(O)c4c(O)ccc([N+](=O)[O-])c4C[C@H]3C[C@@H]12,0,1,0,0,0,3.603,0,0,1,acrylamide_warhead,2.986,0.3568
novobiocin,CO[C@@H]1[C@@H](OC(N)=O)[C@@H](O)[C@H](Oc2ccc3c(=O)c(NC(=O)c4ccc(O)c(CC=C(C)C)c4)c(O)oc3c2C)OC1(C)C,0,0,0,0,0,3.815,0,0,0,,2.777,0.4115
oleandomycin,COC1CC(O[C@H]2[C@H](C)[C@@H](OC3OC(C)CC(N(C)C)C3O)[C@@H](C)C[C@]3(CO3)C(=O)[C@H](C)[C@@H](O)[C@@H](C)[C@@H](C)OC(=O)[C@@H]2C)OC(C)C1O,0,0,0,0,0,8.129,0,0,1,epoxide_warhead,2.258,0.4031
oxetacillin,CC1(C)S[C@@H]2[C@H]([NH+]3C(=O)C(c4ccc(O)cc4)NC3(C)C)C(=O)N2[C@H]1C(=O)O,1,1,1,1,0,3.578,0,0,0,,2.743,0.5314
oximonam,CO/N=C(\C(=O)NC1C(=O)N(OCC(=O)O)[C@H]1C)c1csc(N)n1,0,0,0,0,0,2.18,0,0,0,,2.767,0.5378
paclitaxel,CC(=O)O[C@H]1C(=O)[C@@]2(C)C([C@H](OC(=O)c3ccccc3)[C@]3(O)C[C@H](OC(=O)[C@H](O)[C@@H](NC(=O)c4ccccc4)c4ccccc4)C(C)=C1C3(C)C)[C@]1(OC(C)=O)CO[C@@H]1C[C@@H]2O,0,0,0,0,0,7.704,0,0,0,,3.468,0.3655
pecocycline,CN(C)[C@@H]1C(=O)/C(=C(/O)NCN2CCCC(C(=O)O)C2)C(=O)[C@@]2(O)C(=O)C3=C(O)c4c(O)cccc4[C@@](C)(O)[C@H]3C[C@@H]12,0,0,0,0,0,4.469,0,0,1,acrylamide_warhead,3.015,0.3063
penamecillin,CC(=O)OCOC(=O)C1N2C(=O)C(NC(=O)Cc3ccccc3)C2SC1(C)C,1,1,1,1,0,2.792,0,0,0,,2.485,0.5512
penicillin,CC1(C)SC2C(NC(=O)Cc3ccccc3)C(=O)N2C1C(=O)O,1,1,1,1,0,2.735,0,0,0,,2.463,0.6078
penimocycline,CN(C)[C@@H]1C(=O)/C(=C(/O)NCNC(C(=O)NC2C(=O)N3C2SC(C)(C)C3C(=O)O)c2ccccc2)C(=O)[C@@]2(O)C(=O)C3=C(O)c4c(O)cccc4[C@@](C)(O)[C@H]3C[C@@H]12,0,0,0,0,0,6.317,0,0,1,acrylamide_warhead,3.699,0.2529
phenethicillin,CC(Oc1ccccc1)C(=O)NC1C(=O)N2C1SC(C)(C)C2C(=O)O,1,1,1,1,0,2.985,1,0,0,,2.484,0.5942
pipacycline,CN(C)C1C(=O)/C(=C(/O)NCN2CCN(CCO)CC2)C(=O)C2(O)C(=O)C3=C(O)c4c(O)cccc4C(C)(O)C3CC12,0,0,0,0,0,4.178,0,0,1,acrylamide_warhead,2.987,0.3049
pirarubicin,COc1cccc2c1C(=O)c1c(O)c3c(c(O)c1C2=O)C[C@@](O)(C(=O)CO)C[C@@H]3O[C@H]1C[C@H](N)[C@H](O[C@H]2CCCCO2)[C@H](C)O1,0,0,0,0,1,5.112,0,0,0,,3.242,0.1995
pirbenicillin,CC1(C)SC2C(N(C(=N)c3ccncc3)[C@H](C(=O)NC(=O)CN)c3ccccc3)C(=O)N2C1C(=O)O,0,0,0,0,0,3.72,0,0,0,cyp_pyridine_heme,2.933,0.4522
piridicillin,CC1(C)S[C@@H]2[C@H](NC(=O)[C@H](NC(=O)c3ccc(-c4ccc(S(=O)(=O)N(CCO)CCO)cc4)[nH]c3=O)c3ccc(O)cc3)C(=O)N2[C@H]1C(=O)[O-],0,0,0,0,0,4.338,0,0,0,cyp_pyridine_heme,3.305,0.3146
piroxicillin,CC1(C)S[C@@H]2[C@H](NC(=O)[C@H](NC(=O)Nc3cnc(Nc4ccc(S(N)(=O)=O)cc4)[nH]c3=O)c3ccc(O)cc3)C(=O)N2[C@H]1C(=O)O,0,0,0,0,0,4.359,0,0,0,cyp_aniline,3.532,0.3356
pivampicillin,CC(C)(C)C(=O)OCOC(=O)[C@@H]1N2C(=O)[C@@H](NC(=O)[C@H](N)c3ccccc3)[C@H]2SC1(C)C,1,1,1,1,0,3.035,0,0,0,,2.401,0.5156
pivenfrine,CNCC(O)c1cccc(OC(=O)C(C)(C)C)c1,1,0,1,1,0,1.36,1,0,0,,1.567,0.6111
prazocillin,Cc1cnn(-c2c(Cl)cccc2Cl)c1C(=O)N[C@@H]1C(=O)N2[C@@H]1SC(C)(C)[C@@H]2C(=O)O,1,1,1,1,0,3.308,1,0,0,,4.005,0.5881
pristinamycin-ic,CC1NC(=O)C(NC(=O)c2ncccc2O)C(C)OC(=O)C(c2ccccc2)NC(=O)C2CC(=O)CCN2C(=O)C(Cc2ccc(N(C)C)cc2)N(C)C(=O)C2CCCN2C1=O,0,0,0,0,1,6.372,0,0,0,cyp_pyridine_heme,3.326,0.2141
propafenone,CCCNCC(O)COc1ccccc1C(=O)CCc1ccccc1,0,1,1,1,0,1.993,1,0,0,,1.775,0.6282
propicillin,CCC(Oc1ccccc1)C(=O)NC1C(=O)N2C1SC(C)(C)C2C(=O)O,1,1,1,1,0,2.97,1,0,0,,2.423,0.5925
propikacin,NCC1OC(OC2C(N)CC(NC(CO)CO)C(OC3OC(CO)C(O)C(N)C3O)C2O)C(N)C(O)C1O,0,0,0,0,0,5.36,0,0,0,,2.442,0.3111
quinacillin,CC1(C)S[C@@H]2[C@H](NC(=O)c3nc4ccccc4nc3C(=O)O)C(=O)N2[C@H]1C(=O)O,0,1,0,1,0,3.33,0,0,0,,3.071,0.5501
rifabutin,CO[C@H]1/C=C/O[C@@]2(C)Oc3c(C)c(O)c4c(c3C2=O)C2=NC3(CCN(CC(C)C)CC3)NC2=C(NC(=O)/C(C)=C\C=C\[C@H](C)[C@H](O)[C@@H](C)[C@@H](O)[C@@H](C)[C@H](OC(C)=O)[C@@H]1C)C4=O,0,0,0,0,1,7.266,0,0,1,acrylamide_warhead,3.068,0.223
rifametane,CCN(CC)C(C)=NN=Cc1c2c(O)c3c(O)c(C)c4c(c3c1O)C(=O)C(C)(OC=CC(OC)C(C)C(OC(C)=O)C(C)C(O)C(C)C(O)C(C)C=CC=C(C)C(=O)N2)O4,0,0,0,0,1,6.373,0,0,1,acrylamide_warhead,2.882,0.0678
rifamexil,CCN(CC)c1nc2c(s1)c1c(O)c3c(O)c(C)c4c(c32)C(=O)[C@@](C)(O/C=C/[C@H](OC)[C@@H](C)[C@@H](OC(C)=O)[C@H](C)[C@H](O)[C@H](C)[C@@H](O)[C@@H](C)/C=C/C=C(/C)C(=O)N1)O4,0,0,0,0,0,6.311,0,0,1,acrylamide_warhead,2.87,0.3489
rifamide,CCN(CC)C(=O)COc1cc2c(O)c3c(O)c(C)c4c(c13)C(=O)[C@@](C)(O/C=C/[C@H](OC)[C@@H](C)[C@@H](OC(C)=O)[C@H](C)[C@H](O)[C@H](C)[C@@H](O)[C@@H](C)/C=C/C=C(/C)C(=O)N2)O4,0,0,0,0,0,6.318,0,0,1,acrylamide_warhead,2.848,0.3682
rifamycin,CO[C@H]1/C=C/O[C@@]2(C)Oc3c(C)c(O)c4c(O)c(cc(O)c4c3C2=O)NC(=O)/C(C)=C\C=C\[C@H](C)[C@H](O)[C@@H](C)[C@@H](O)[C@@H](C)[C@H](OC(C)=O)[C@@H]1C,0,0,0,0,1,6.216,0,0,1,acrylamide_warhead,2.891,0.181
rifapentine,CO[C@H]1/C=C/O[C@@]2(C)Oc3c(C)c(O)c4c(c3C2=O)C(=O)/C(=C/NN2CCN(C3CCCC3)CC2)C(=C4O)NC(=O)/C(C)=C\C=C\[C@H](C)[C@H](O)[C@@H](C)[C@@H](O)[C@@H](C)[C@H](OC(C)=O)[C@@H]1C,0,0,0,0,0,7.071,0,0,1,acrylamide_warhead,3.402,0.3693
rifaximin,CO[C@H]1/C=C/O[C@@]2(C)Oc3c(C)c(O)c4c(O)c(c5c(nc6cc(C)ccn65)c4c3C2=O)NC(=O)/C(C)=C\C=C\[C@H](C)[C@H](O)[C@@H](C)[C@@H](O)[C@@H](C)[C@H](OC(C)=O)[C@@H]1C,0,0,0,0,0,6.76,0,0,1,acrylamide_warhead; cyp_pyridine_heme,3.183,0.3428
ritipenem,C[C@@H](O)[C@H]1C(=O)N2C(C(=O)[O-])=C(COC(N)=O)S[C@H]12,1,0,0,0,0,2.23,0,0,1,acrylamide_warhead,2.621,0.5349
rodorubicin,CC[C@@]1(O)C[C@H](O[C@H]2C[C@H](N(C)C)[C@H](O[C@H]3C[C@@H]4O[C@H]5CC(=O)[C@H](C)O[C@H]5O[C@@H]4[C@H](C)O3)[C@H](C)O2)c2c(O)c3c(c(O)c2[C@H]1O[C@H]1C[C@H](N(C)C)[C@H](O)[C@H](C)O1)C(=O)c1cccc(O)c1C3=O,0,0,0,0,1,9.165,0,0,0,,4.001,0.191
rotamicillin,CC1(C)S[C@@H]2[C@H](NC(=O)[C@H](NC(=O)Cc3ccc(C4=NCCCN4)cc3)c3ccccc3)C(=O)N2[C@H]1C(=O)O,0,0,0,1,0,4.059,0,0,0,,3.032,0.4818
roxithromycin,CC[C@H]1OC(=O)[C@H](C)[C@@H](O[C@H]2C[C@@](C)(OC)[C@@H](O)[C@H](C)O2)[C@H](C)[C@@H](O[C@@H]2O[C@H](C)C[C@H](N(C)C)[C@H]2O)[C@](C)(O)C[C@@H](C)/C(=N/OCOCCOC)[C@H](C)[C@@H](O)[C@]1(C)O,0,0,0,0,0,7.369,0,0,0,,2.018,0.3144
sanfetrinem,COC1CCCC2C1=C(C(=O)[O-])N1C(=O)C(C(C)O)C21,1,0,1,1,0,2.843,0,0,1,acrylamide_warhead,2.229,0.6388
sarmoxicillin,COCOC(=O)C1N2C(=O)C(N3C(=O)C(c4ccc(O)cc4)NC3(C)C)C2SC1(C)C,1,1,1,1,0,3.334,1,0,0,,2.711,0.527
sarpicillin,COCOC(=O)[C@@H]1N2C(=O)[C@@H](N3C(=O)C(c4ccccc4)NC3(C)C)[C@H]2SC1(C)C,1,1,1,1,0,3.314,1,0,0,,2.643,0.5458
sedecamycin,CC(=O)OC1/C=C/C(C)=C/CC(O)/C=C/C(C)=C/C(NC(=O)C(C)=O)C2(C)C(=O)OC(C1)C(C)C2=O,1,0,0,1,0,4.448,0,0,0,,2.235,0.5052
sisomicin,CN[C@@H]1[C@@H](O)[C@@H](O[C@@H]2[C@@H](O)[C@H](O[C@H]3OC(CN)=CC[C@H]3N)[C@@H](N)C[C@H]2N)OC[C@]1(C)O,0,0,0,0,0,4.346,0,0,0,,2.346,0.3798
spiramycin,COC1C(O)CC(=O)OC(C)C/C=C/C=C/C(OC2CCC(N(C)C)C(C)O2)C(C)CC(CC=O)C1OC1OC(C)C(OC2CC(C)(O)C(O)C(C)O2)C(N(C)C)C1O,0,0,0,0,0,8.097,0,0,0,,2.325,0.3923
sulbenicillin,CC1(C)S[C@@H]2[C@H](NC(=O)C(c3ccccc3)S(=O)(=O)O)C(=O)N2[C@H]1C(=O)O,0,1,0,1,0,3.065,0,0,0,,2.772,0.5114
sulopenem,C[C@@H](O)[C@H]1C(=O)N2C(C(=O)O)=C(SC3CCS(=O)C3)S[C@H]12,1,1,1,1,0,2.92,0,0,1,acrylamide_warhead,2.652,0.5583
suncillin,CC1(C)S[C@@H]2[C@H](NC(=O)[C@H](NS(=O)(=O)[O-])c3ccccc3)C(=O)N2[C@H]1C(=O)[O-],0,0,0,0,0,3.085,0,0,0,,2.836,0.4964
tacrolimus,C=CC[C@@H]1/C=C(\C)C[C@H](C)C[C@H](OC)[C@H]2O[C@@](O)(C(=O)C(=O)N3CCCC[C@H]3C(=O)O[C@H](/C(C)=C/[C@@H]3CC[C@@H](O)[C@H](OC)C3)[C@H](C)[C@@H](O)CC1=O)[C@H](C)C[C@@H]2OC,0,0,0,0,0,6.913,0,0,0,,2.266,0.3822
talampicillin,CC1(C)S[C@@H]2[C@H](NC(=O)[C@H](N)c3ccccc3)C(=O)N2[C@H]1C(=O)OC1OC(=O)c2ccccc21,1,0,1,1,0,4.28,0,0,0,,3.116,0.5413
tazobactam,C[C@]1(Cn2ccnn2)[C@H](C(=O)O)N2C(=O)C[C@H]2S1(=O)=O,1,0,1,1,0,2.48,0,0,0,,2.92,0.5659
teicoplanin,CCCCCCCCCC(=O)N[C@H]1[C@H](Oc2c3cc4cc2Oc2ccc(cc2Cl)[C@@H](O[C@@H]2O[C@H](CO)[C@@H](O)[C@H](O)[C@H]2NC(C)=O)[C@@H]2NC(=O)[C@H](NC(=O)[C@@H]4NC(=O)[C@H]4NC(=O)[C@@H](Cc5ccc(c(Cl)c5)O3)NC(=O)[C@H](N)c3ccc(O)c(c3)Oc3cc(O)cc4c3)c3ccc(O)c(c3)-c3c(O[C@H]4O[C@H](CO)[C@@H](O)[C@H](O)[C@@H]4O)cc(O)cc3[C@H](C(=O)O)NC2=O)O[C@H](CO)[C@@H](O)[C@@H]1O,0,0,0,0,0,10.0,0,0,0,,7.464,0.2602
temocillin,CO[C@@]1(NC(=O)C(C(=O)O)c2ccsc2)C(=O)N2[C@@H](C(=O)O)C(C)(C)S[C@@H]21,1,1,0,1,0,2.99,0,0,0,cyp_terminal_thiophene,2.722,0.4917
theodrenaline,Cn1c(=O)c2c(ncn2CCNCC(O)c2ccc(O)c(O)c2)n(C)c1=O,1,0,0,1,1,2.416,0,0,0,,2.729,0.2537
thiphencillin,CC1(C)SC2C(NC(=O)CSc3ccccc3)C(=O)N2C1C(=O)O,1,1,1,1,0,2.755,1,0,0,,2.55,0.5796
tigemonam,CC1(C)[C@H](NC(=O)/C(=N\OCC(=O)O)c2csc(N)n2)C(=O)N1OS(=O)(=O)O,0,0,0,0,0,2.01,0,0,0,,2.981,0.3927
tobicillin,CC(C)C(=O)OCc1cccc(OC(=O)[C@@H]2N3C(=O)[C@@H](NC(=O)Cc4ccccc4)[C@H]3SC2(C)C)c1,1,0,1,1,0,3.381,0,0,0,,2.624,0.4811
tobramycin,NC[C@H]1O[C@H](O[C@H]2[C@H](O)[C@@H](O[C@H]3O[C@H](CO)[C@@H](O)[C@H](N)[C@H]3O)[C@H](N)C[C@@H]2N)[C@H](N)C[C@@H]1O,0,0,0,0,0,4.99,0,0,0,,2.412,0.3691
tolcapone,Cc1ccc(C(=O)c2cc(O)c(O)c([N+](=O)[O-])c2)cc1,1,1,1,1,1,2.014,1,0,0,,2.443,0.2696
troleandomycin,CO[C@H]1C[C@H](O[C@H]2[C@H](C)[C@@H](O[C@@H]3O[C@H](C)C[C@H](N(C)C)[C@H]3OC(C)=O)[C@@H](C)C[C@@]3(CO3)C(=O)[C@H](C)[C@@H](OC(C)=O)[C@@H](C)[C@@H](C)OC(=O)[C@@H]2C)O[C@@H](C)[C@@H]1OC(C)=O,0,0,0,0,0,8.386,0,0,1,epoxide_warhead,2.34,0.3936
trospectomycin,CCCC[C@@H]1CC(=O)[C@]2(O)O[C@@H]3[C@@H](NC)[C@@H](O)[C@@H](NC)[C@H](O)[C@H]3O[C@@H]2O1,1,0,1,1,0,3.691,0,0,0,,2.186,0.4814
tymazoline,Cc1ccc(C(C)C)c(OCC2=NCCN2)c1,1,0,1,1,0,1.44,1,0,0,,1.729,0.7277
vindesine,CC[C@]1(O)C[C@H]2CN(CCc3c([nH]c4ccccc34)[C@@](C(=O)OC)(c3cc4c(cc3OC)N(C)[C@H]3[C@@](O)(C(N)=O)[C@H](O)[C@]5(CC)C=CCN6CC[C@]43[C@@H]65)C2)C1,0,0,0,0,0,8.452,0,0,0,,3.889,0.4994
virginiamycin-factor-m1,CC1=C/C(O)CC(=O)Cc2nc(co2)C(=O)N2CCC=C2C(=O)OC(C(C)C)C(C)/C=C\C(=O)NC/C=C\1,1,0,0,1,0,3.803,0,0,1,acrylamide_warhead,2.318,0.5696
xantocillin,[C-]#[N+]C(=C\c1ccc(O)cc1)/C(=C/c1ccc(O)cc1)[N+]#[C-],1,1,1,1,0,2.14,1,0,0,,2.145,0.6435
zorubicin,COc1cccc2c1C(=O)c1c(O)c3c(c(O)c1C2=O)C[C@@](O)(/C(C)=N/NC(=O)c1ccccc1)C[C@@H]3O[C@H]1C[C@H](N)[C@H](O)[C@H](C)O1,0,0,0,0,1,5.116,0,0,0,,3.347,0.1556
cryofluorane,FC(F)(Cl)C(F)(F)Cl,1,0,1,0,0,1.0,1,0,1,haloacetamide_warhead,5.45,0.6909
gacyclidine,C[C@H]1CCCC[C@@]1(c1cccs1)N1CCCCC1,1,0,1,1,0,2.01,1,0,0,cyp_terminal_thiophene,1.633,0.7777
fenetylline,CC(Cc1ccccc1)NCCn1cnc2c1c(=O)n(C)c(=O)n2C,1,1,1,1,0,2.333,0,0,0,,2.429,0.7073
acaprazine,CC(=O)NCCCN1CCN(c2cc(Cl)ccc2Cl)CC1,1,1,1,1,0,1.48,1,0,0,,3.03,0.7785
acebrochol,CC(=O)OC1CC[C@@]2(C)C([C@@H]1Br)[C@H](Br)C[C@H]1[C@@H]3CC[C@H]([C@H](C)CCCC(C)C)[C@@]3(C)CC[C@@H]12,1,0,0,0,0,4.651,0,0,1,haloacetamide_warhead,2.791,0.5425
acecarbromal,CCC(Br)(CC)C(=O)NC(=O)NC(C)=O,1,0,1,1,0,1.0,1,0,1,haloacetamide_warhead,2.167,0.7277
acefurtiamine,CC(=O)OCC(=O)OCC/C(SC(=O)c1ccco1)=C(/C)N(C=O)Cc1cnc(C)nc1N,0,1,0,0,0,1.96,0,0,0,cyp_terminal_furan,2.424,0.5648
aceglutamide,CC(=O)NC(CCC(N)=O)C(=O)O,1,0,1,0,0,1.0,0,0,0,,1.927,0.6436
aceperone,CC(=O)NCC1(c2ccccc2)CCN(CCCC(=O)c2ccc(F)cc2)CC1,1,1,1,1,0,2.13,1,0,0,,2.584,0.7338
acetaminosalol,CC(=O)Nc1ccc(OC(=O)c2ccccc2O)cc1,1,1,1,1,0,2.02,1,0,0,,2.297,0.6272
acetiamine,CC(=O)OCC/C(SC(C)=O)=C(/C)N(C=O)Cc1cnc(C)nc1N,1,1,1,1,0,1.325,1,0,0,,2.03,0.6516
acetorphan/racecadotril/ecadotril,CC(=O)SCC(Cc1ccccc1)C(=O)NCC(=O)OCc1ccccc1,1,1,1,1,0,2.147,1,0,0,,2.038,0.6981
acetorphine,CCC[C@@](C)(O)[C@H]1CC23C=CC1(OC)[C@H]1Oc4c(OC(C)=O)ccc5c4C12CCN(C)C3C5,1,1,1,1,0,6.26,1,0,0,,3.112,0.6575
acetylmethadol/levacetylmethadol/alphacetylmethadol/betacetylmethadol,CCC(OC(C)=O)C(CC(C)N(C)C)(c1ccccc1)c1ccccc1,1,1,1,1,0,2.198,1,0,0,,1.598,0.7165
acevaltrate,CC(=O)OCC1=CO[C@@H](OC(=O)CC(C)C)[C@H]2C1=C[C@H](OC(=O)CC(C)(C)OC(C)=O)[C@]21CO1,1,0,1,1,0,3.53,0,0,1,epoxide_warhead,2.249,0.4807
acrocinonide,C=CC1O[C@@H]2CC3C4CCC5=CC(=O)C=CC5(C)C4(F)C(O)CC3(C)[C@]2(C(=O)CO)O1,1,1,1,1,0,4.82,1,0,1,acrylamide_warhead,3.144,0.7407
adafenoxate,O=C(COc1ccc(Cl)cc1)OCCNC12CC3CC(CC(C3)C1)C2,1,1,1,1,0,2.47,1,0,0,,3.08,0.7213
adatanserin,O=C(NCCN1CCN(c2ncccn2)CC1)C12CC3CC(CC(C3)C1)C2,1,1,1,1,0,2.726,1,0,0,,2.857,0.7911
alaproclate,CC(N)C(=O)OC(C)(C)Cc1ccc(Cl)cc1,1,0,1,1,0,1.386,1,0,0,,2.137,0.7259
alclometasone-dipropionate,CCC(=O)OCC(=O)[C@@]1(OC(=O)CC)[C@H](C)C[C@H]2[C@H]3[C@H]([C@@H](O)C[C@@]21C)[C@@]1(C)C=CC(=O)C=C1C[C@H]3Cl,1,0,1,1,0,4.513,0,0,1,acrylamide_warhead; haloacetamide_warhead,2.795,0.6164
alentemol,CCCN(CCC)C1Cc2cccc3cc(O)cc(c23)C1,1,1,1,1,0,2.152,1,0,0,,1.807,0.7118
alfadolone,CC12CC(=O)[C@H]3C(CC[C@H]4C[C@H](O)CCC43C)[C@@H]1CCC2C(=O)CO,1,1,1,1,0,3.814,1,0,0,,1.956,0.729
alfaxalone/renanolone,CC(=O)[C@H]1CC[C@H]2[C@@H]3CC[C@H]4C[C@H](O)CC[C@]4(C)[C@H]3C(=O)C[C@]12C,1,1,1,1,0,3.794,1,0,0,,1.851,0.7025
algestone-acetonide,CC(=O)C12OC(C)(C)OC1CC1C3CCC4=CC(=O)CCC4(C)C3CCC12C,1,1,1,1,0,4.06,1,0,1,acrylamide_warhead,2.262,0.7155
aliflurane,COC1(F)C(F)(F)C1(F)Cl,1,0,1,0,0,1.0,1,0,1,haloacetamide_warhead,4.8,0.6736
alletorphine,C=CCN1CCC23c4c5ccc(O)c4OC2C2(OC)C=CC3(CC2[C@](C)(O)CCC)C1C5,1,1,1,1,0,6.284,1,0,0,,3.065,0.7427
allomethadione,C=CCN1C(=O)OC(C)C1=O,1,0,1,0,0,1.306,0,0,0,,2.048,0.6474
almoxatone,CNC[C@@H]1CN(c2ccc(OCc3cccc(Cl)c3)cc2)C(=O)O1,1,1,1,1,0,2.447,1,0,0,,2.928,0.6914
alnespirone,CCCN(CCCCN1C(=O)CC2(CCCC2)CC1=O)C1COc2cccc(OC)c2C1,1,1,1,1,0,3.059,1,0,0,,2.209,0.6414
alonimid,O=C1CCC2(CCC(=O)c3ccccc32)C(=O)N1,1,0,1,1,0,2.831,1,0,0,,2.281,0.751
aloracetam,CC(=O)NCCn1c(C)cc(C=O)c1C,1,0,1,1,0,1.105,1,0,0,,1.736,0.6825
alozafone,CC(CC#N)N(C)CC(=O)N(C)c1ccc(Cl)cc1C(=O)c1ccccc1F,1,1,1,1,0,2.167,1,0,0,,3.121,0.6755
alphameprodine/betameprodine,CCC(=O)O[C@]1(c2ccccc2)CCN(C)C[C@@H]1CC,1,1,1,1,0,1.894,1,0,0,,1.579,0.7543
alphamethadol,CC[C@@H](O)C(C[C@@H](C)N(C)C)(c1ccccc1)c1ccccc1,1,1,1,1,0,2.146,1,0,0,,1.518,0.6721
alpiropride,C=CCN1CCCC1CNC(=O)c1cc(S(=O)(=O)NC)c(N)cc1OC,1,1,1,1,0,1.905,0,0,0,cyp_aniline,2.262,0.5894
alrestatin,O=C(O)CN1C(=O)c2cccc3cccc(c23)C1=O,1,0,1,1,0,2.344,1,0,0,,2.632,0.6454
amcinafal,CCC1(CC)O[C@@H]2C[C@H]3C4CCC5=CC(=O)C=CC5(C)[C@@]4(F)[C@@H](O)CC3(C)[C@]2(C(=O)CO)O1,1,1,1,1,0,4.487,1,0,1,acrylamide_warhead,3.021,0.7426
amcinafide,CC12C[C@H](O)[C@@]3(F)C(CCC4=CC(=O)C=CC43C)[C@@H]1C[C@H]1O[C@@](C)(c3ccccc3)O[C@]12C(=O)CO,1,0,1,1,0,5.367,1,0,1,acrylamide_warhead,3.414,0.7425
amcinonide,CC(=O)OCC(=O)[C@@]12OC3(CCCC3)O[C@@H]1C[C@H]1[C@@H]3CCC4=CC(=O)C=C[C@]4(C)[C@@]3(F)[C@@H](O)C[C@@]12C,1,0,1,1,0,5.52,0,0,1,acrylamide_warhead,3.367,0.689
amelometasone,CCC(=O)O[C@]1(C(=O)COC)[C@@H](C)C[C@H]2[C@@H]3CCC4=CC(=O)C=C[C@]4(C)[C@@]3(F)[C@@H](O)C[C@@]21C,1,1,1,1,0,4.183,1,0,1,acrylamide_warhead,2.752,0.7221
ameltolide,Cc1cccc(C)c1NC(=O)c1ccc(N)cc1,1,0,1,1,0,1.9,1,0,0,cyp_aniline,1.993,0.7058
amesergide,CC(C)n1cc2c3c(cccc31)C1C[C@@H](C(=O)NC3CCCCC3)CN(C)C1C2,1,1,1,1,0,3.312,1,0,0,,2.402,0.7762
amfetaminil,CC(Cc1ccccc1)NC(C#N)c1ccccc1,1,0,1,1,0,2.298,1,0,0,,1.728,0.7425
amineptine,O=C(O)CCCCCC[NH2+]C1c2ccccc2CCc2ccccc21,1,1,1,1,0,2.059,1,0,0,,1.933,0.6246
amisulpride,CCN1CCCC1CNC(=O)c1cc(S(=O)(=O)CC)c(N)cc1OC,1,1,1,1,0,1.744,1,0,0,cyp_aniline,2.089,0.6444
amitriptylinoxide,C[N+](C)([O-])CCC=C1c2ccccc2CCc2ccccc21,1,1,1,1,1,2.13,1,0,0,,1.933,0.3623
amixetrine,CC(C)CCOC(CN1CCCC1)c1ccccc1,1,0,1,1,0,1.554,1,0,0,,1.398,0.7419
amperozide,CCNC(=O)N1CCN(CCCC(c2ccc(F)cc2)c2ccc(F)cc2)CC1,1,1,1,1,0,2.108,1,0,0,,3.173,0.7616
amphenidone,Nc1cccc(-n2ccccc2=O)c1,1,0,1,0,0,1.98,1,0,0,cyp_pyridine_heme; cyp_aniline,2.243,0.681
ampyzine,CN(C)c1cnccn1,1,0,1,0,0,1.13,0,0,0,,2.033,0.6929
amylene-hydrate,CCC(C)(C)O,1,0,1,0,0,1.0,1,0,0,,1.0,0.6716
anileridine,CCOC(=O)C1(c2ccccc2)CCN(CCc2ccc(N)cc2)CC1,1,1,1,1,1,2.079,1,0,0,cyp_aniline,2.034,0.3501
aniracetam,COc1ccc(C(=O)N2CCCC2=O)cc1,1,0,1,1,0,1.62,1,0,0,,2.083,0.6884
anseculin,COc1cc2oc(=O)c(C)c(C)c2cc1OCCCN1CCN(c2ccccc2OC)CC1,1,0,1,1,0,2.552,1,0,0,,2.498,0.5762
apadoline,CCCNC(=O)c1ccc2c(c1)N([C@H](C)CN1CCCC1)c1ccccc1S2,1,1,1,1,0,2.688,1,0,0,,2.388,0.753
aprobarbital,C=CCC1(C(C)C)C(=O)NC(=O)NC1=O,1,0,1,1,0,1.05,0,0,0,,1.9,0.671
aripiprazole,O=C1CCc2ccc(OCCCCN3CCN(c4cccc(Cl)c4Cl)CC3)cc2N1,1,1,1,1,0,2.478,1,0,0,,3.552,0.7334
ascorbic-acid,O=C1C(O)=C(O)OC1C(O)CO,1,0,1,0,0,1.49,0,0,1,acrylamide_warhead,2.4,0.5613
atolide,CCN(CC)c1ccc(NC(=O)c2ccccc2N)c(C)c1,1,1,1,1,1,1.807,1,0,0,cyp_aniline,1.923,0.3663
atromepine,CN1C2CCC1CC(OC(=O)C(C)(CO)c1ccccc1)C2,1,1,1,1,0,2.507,1,0,0,,1.957,0.6462
atropine-oxide,C[N+]1([O-])C2CCC1CC(OC(=O)C(CO)c1ccccc1)C2,1,1,1,1,0,2.534,1,0,0,,2.111,0.5994
avizafone,CN(C(=O)CNC(=O)[C@@H](N)CCCCN)c1ccc(Cl)cc1C(=O)c1ccccc1,1,1,1,1,0,2.168,1,0,0,,2.645,0.5875
axamozide,O=c1[nH]c2cc(Cl)ccc2n1C1CCN(CC2COc3ccccc3O2)CC1,1,1,1,1,0,3.103,1,0,0,cyp_imidazole_heme,3.445,0.7543
azabon,Nc1ccc(S(=O)(=O)N2CC3CCC(CC3)C2)cc1,1,0,1,1,0,2.094,1,0,0,cyp_aniline,2.532,0.6732
azabuperone,O=C(CCCN1CCN2CCCC2C1)c1ccc(F)cc1,1,1,1,1,0,2.014,1,0,0,,2.501,0.7615
azacyclonol,OC(c1ccccc1)(c1ccccc1)C1CCNCC1,1,1,1,1,0,2.05,1,0,0,,1.933,0.7494
azaloxan,O=C1NCCN1C1CCN(CCC2COc3ccccc3O2)CC1,1,1,1,1,0,2.397,1,0,0,,2.461,0.7883
azaquinzole,c1ccc2c(c1)CCN1CCNCC21,1,0,1,0,0,1.98,1,0,0,,1.929,0.7601
azepindole,c1ccc2c(c1)cc1n2CCCNC1,1,0,1,0,0,1.93,1,0,0,,2.062,0.7527
azipramine,CN(CCc1cc2cccc3c2n1-c1ccccc1CC3)Cc1ccccc1,1,1,1,0,0,3.033,1,0,0,,2.53,0.6577
balaperidone,O=c1[nH]c2ccccc2c(=O)n1CCN1C[C@H]2C[C@H](c3ccc(F)cc3)[C@H]2C1,1,1,1,1,0,3.624,1,0,0,,3.352,0.7141
bamifylline,CCN(CCO)CCn1c(Cc2ccccc2)nc2c1c(=O)n(C)c(=O)n2C,1,1,1,1,0,2.07,0,0,0,,2.397,0.6637
barbital,CCC1(CC)C(=O)NC(=O)NC1=O,1,0,1,0,0,1.0,0,0,0,,1.954,0.6755
batelapine,Cc1nc2n(n1)C(N1CCN(C)CC1)=Nc1ccccc1C2,1,1,1,1,0,2.315,1,0,0,,2.668,0.7609
beclamide,O=C(CCCl)NCc1ccccc1,1,0,1,0,0,1.25,1,0,1,haloacetamide_warhead,2.252,0.7284
beclomethasone/beclometasone,C[C@H]1C[C@H]2[C@@H]3CCC4=CC(=O)C=C[C@]4(C)[C@@]3(Cl)[C@@H](O)C[C@]2(C)[C@@]1(O)C(=O)CO,1,1,1,1,0,4.087,1,0,1,acrylamide_warhead; haloacetamide_warhead,2.761,0.6518
befloxatone,COC[C@H]1CN(c2ccc(OCC[C@@H](O)C(F)(F)F)cc2)C(=O)O1,1,1,1,1,0,2.04,1,0,0,,3.798,0.7059
bemegride,CCC1(C)CC(=O)NC(=O)C1,1,0,1,0,0,1.0,0,0,0,,1.518,0.7187
benfotiamine,C/C(=C(\CCOP(=O)(O)O)SC(=O)c1ccccc1)N(C=O)Cc1cnc(C)nc1N,0,1,0,0,0,2.004,0,0,0,,2.551,0.5339
benorilate,CC(=O)Nc1ccc(OC(=O)c2ccccc2OC(C)=O)cc1,1,1,1,1,0,2.019,1,0,0,,2.288,0.6402
bentazepam,O=C1CNC(c2ccccc2)=c2c3c(sc2=N1)CCCC3,1,1,1,1,0,2.467,1,0,0,cyp_terminal_thiophene,2.536,0.7745
bentiamine,C/C(=C(\CCOC(=O)c1ccccc1)SC(=O)c1ccccc1)N(C=O)Cc1cnc(C)nc1N,1,0,1,1,0,2.519,1,0,0,,2.518,0.5605
benzaprinoxide,C[N+](C)([O-])CC/C=C1/c2ccccc2C=Cc2c(Cl)cccc21,1,1,1,0,0,2.27,1,0,0,,2.631,0.6507
benzindopyrine,c1ccc(Cn2cc(CCc3ccncc3)c3ccccc32)cc1,1,1,1,1,0,2.716,1,0,0,cyp_pyridine_heme,2.341,0.6862
benzyl-alcohol,OCc1ccccc1,1,0,1,0,0,1.339,1,0,0,,1.561,0.6609
berupipam,CN1CCc2cc(Cl)c(O)cc2[C@@H](c2cc(Br)cc3c2OCC3)C1,1,1,1,1,0,2.688,1,0,0,,3.53,0.6767
bervastatin,CCOC(=O)C[C@@H](O)C[C@@H](O)/C=C/C1=C(c2ccc(F)cc2)c2ccccc2OC12CCCC2,1,1,1,1,0,3.709,1,0,0,,2.915,0.6758
betamethasone-acibutate,C[C@H]1C[C@H]2[C@@H]3CCC4=CC(=O)C=C[C@]4(C)[C@@]3(F)[C@@H](O)C[C@]2(C)[C@@]1(OC(=O)c1ccccc1)C(=O)CO,1,0,1,1,0,4.808,1,0,1,acrylamide_warhead,3.142,0.7132
betamethasone-benzoate,CCCCC(=O)O[C@]1(C(=O)CO)[C@@H](C)C[C@H]2[C@@H]3CCC4=CC(=O)C=C[C@]4(C)[C@@]3(F)[C@@H](O)C[C@@]21C,1,1,1,1,0,4.191,1,0,1,acrylamide_warhead,2.725,0.7133
binospirone,O=C1CC2(CCCC2)CC(=O)N1CCNCC1COc2ccccc2O1,1,1,1,1,0,3.05,1,0,0,,2.412,0.7126
biotin,O=C(O)CCCCC1SCC2NC(=O)NC21,1,0,1,1,0,1.81,0,0,0,,2.085,0.6042
bipenamol,O=C1C[C@H]2SC(C3(O)CN4C(=O)C[C@H]4S3)CN12,1,0,1,1,0,2.78,0,0,0,,2.795,0.6061
biriperone,O=C(CCCN1CCN2Cc3[nH]c4ccccc4c3CC2C1)c1ccc(F)cc1,1,1,1,1,1,3.13,1,0,0,,3.217,0.375
bisbentiamine,C/C(=C(/CCOC(=O)c1ccccc1)SS/C(CCOC(=O)c1ccccc1)=C(\C)N(C=O)Cc1cnc(C)nc1N)N(C=O)Cc1cnc(C)nc1N,0,0,0,0,0,3.164,0,0,0,,2.878,0.3179
bisorcic,CC(=O)NCCC[C@H](NC(C)=O)C(=O)O,1,0,1,1,0,1.0,0,0,0,,1.667,0.6338
blonanserin,CCN1CCN(c2cc(-c3ccc(F)cc3)c3c(n2)CCCCCC3)CC1,1,1,1,1,0,3.114,1,0,0,cyp_pyridine_heme,2.727,0.7848
bremazocine,CC[C@]12CCN(CC3(O)CC3)[C@H](Cc3ccc(O)cc31)C2(C)C,1,1,1,1,0,2.52,1,0,0,,2.031,0.7162
brofoxine,CC1(C)OC(=O)Nc2ccc(Br)cc21,1,0,1,1,0,1.62,1,0,0,,2.717,0.7209
bromisoval,CC(C)C(Br)C(=O)NC(N)=O,1,0,1,1,0,1.0,0,0,1,haloacetamide_warhead,2.33,0.7009
bromoform,BrC(Br)Br,1,0,1,1,0,1.0,1,0,1,haloacetamide_warhead,3.95,0.7329
brosotamide,Cc1cc(Br)cc(C(N)=O)c1O,1,0,1,1,0,1.44,1,0,0,,2.7,0.6711
brosuximide,O=C1CC(c2cccc(Br)c2)C(=O)N1,1,0,1,1,0,1.99,1,0,0,,2.797,0.7378
brotizolam,Cc1nnc2n1-c1sc(Br)cc1C(c1ccccc1Cl)=NC2,1,1,1,1,0,2.68,1,0,0,cyp_terminal_thiophene,4.048,0.6793
buciclovir,Nc1nc(=O)c2ncn(CC[C@@H](O)CO)c2[nH]1,1,0,1,1,0,1.757,0,0,0,,2.656,0.5883
butacetin,CC(=O)Nc1ccc(OC(C)(C)C)cc1,1,0,1,1,0,1.15,1,0,0,,1.567,0.7211
butaclamol,CC(C)(C)[C@]1(O)CCN2C[C@H]3c4ccccc4CCc4cccc(c43)[C@@H]2C1,1,1,1,1,0,3.416,1,0,0,,2.306,0.7462
butaperazine,CCCC(=O)c1ccc2c(c1)N(CCCN1CCN(C)CC1)c1ccccc1S2,1,1,1,1,0,2.43,1,0,0,,2.351,0.7376
butoctamide,CCCCC(CC)CNC(=O)CC(C)O,1,0,1,1,0,1.0,1,0,0,,1.0,0.6901
butorphanol,Oc1ccc2c(c1)[C@@]13CCCC[C@@]1(O)[C@@H](C2)N(CC1CCC1)CC3,1,1,1,1,0,3.123,1,0,0,,2.304,0.7482
cabergoline,C=CCN1C[C@H](C(=O)N(CCCN(C)C)C(=O)NCC)C[C@@H]2c3cccc4[nH]cc(c34)C[C@H]21,1,0,1,1,0,3.164,1,0,0,,2.406,0.7305
cafedrine,CC(NCCn1cnc2c1c(=O)n(C)c(=O)n2C)C(O)c1ccccc1,1,1,1,1,0,2.603,0,0,0,,2.512,0.6439
camazepam,CN(C)C(=O)OC1N=C(c2ccccc2)c2cc(Cl)ccc2N(C)C1=O,1,1,1,1,0,2.567,1,0,0,,3.039,0.7421
camphor,CC12CCC(CC1=O)C2(C)C,1,0,1,0,0,1.34,1,0,0,,1.153,0.6932
caproxamine,CCCCC/C(=N/OCCN)c1ccc(C)c(N)c1,1,0,1,1,0,1.09,1,0,0,cyp_aniline,1.505,0.6061
captodiame,CCCCSc1ccc(C(SCCN(C)C)c2ccccc2)cc1,1,0,0,0,0,1.916,0,0,0,,1.632,0.6057
carbubarb,CCCCC1(CCOC(N)=O)C(=O)NC(=O)NC1=O,1,0,1,1,0,1.0,0,0,0,,2.054,0.6203
carburazepam,CN1C(=O)CN(C(N)=O)C(c2ccccc2)c2cc(Cl)ccc21,1,1,1,1,0,2.548,1,0,0,,3.041,0.6919
carfimate,C#CC(OC(N)=O)c1ccccc1,1,0,1,0,0,1.74,1,0,0,,1.912,0.6355
carmantadine,O=C(O)C1CCN1C12CC3CC(CC(C3)C1)C2,1,0,1,1,0,2.226,1,0,0,,2.287,0.7357
caroxazone,NC(=O)CN1Cc2ccccc2OC1=O,1,0,1,1,0,1.76,0,0,0,,2.44,0.6538
carperone,CC(C)NC(=O)OC1CCN(CCCC(=O)c2ccc(F)cc2)CC1,1,1,1,1,0,1.505,1,0,0,,2.357,0.7557
carzenide,NS(=O)(=O)c1ccc(C(=O)O)cc1,1,0,1,1,0,1.61,0,0,0,,2.685,0.5708
cathinone,C[C@H](N)C(=O)c1ccccc1,1,0,1,0,0,1.553,1,0,0,,1.668,0.6187
cebaracetam,O=C1CN(C(=O)CN2CC(c3ccc(Cl)cc3)CC2=O)CCN1,1,1,1,1,0,2.235,0,0,0,,2.963,0.7546
celucloral,OC1OC(COCCOC(O)C(Cl)(Cl)Cl)C(OC2OC(COCCOCCOC(O)C(Cl)(Cl)Cl)CC(OC(O)C(Cl)(Cl)Cl)C2O)C(OCCOCCOC(O)C(Cl)(Cl)Cl)C1O,0,0,0,0,0,4.97,0,0,1,haloacetamide_warhead,8.325,0.2721
cerivastatin,COCc1c(C(C)C)nc(C(C)C)c(/C=C/[C@@H](O)C[C@@H](O)CC(=O)O)c1-c1ccc(F)cc1,0,1,1,1,0,2.306,1,0,0,cyp_pyridine_heme,2.367,0.5763
cetohexazine,Cc1cc(C)c(=O)[nH]n1,1,0,1,0,0,1.13,0,0,0,,2.033,0.6622
cetophenicol/cetofenicol,CC(=O)c1ccc(C(O)C(CO)NC(=O)C(Cl)Cl)cc1,1,1,1,1,0,1.788,1,0,1,haloacetamide_warhead,3.042,0.6282
cetotiamine,CCOC(=O)OCC/C(SC(=O)OCC)=C(\C)N(C=O)Cc1cnc(C)nc1N,1,1,0,1,0,1.33,0,0,0,,2.038,0.6177
chloralose,OC[C@@H](O)[C@H]1OC2O[C@H](C(Cl)(Cl)Cl)O[C@@H]2[C@H]1O,1,0,1,1,0,2.34,0,0,1,haloacetamide_warhead,3.888,0.6014
chlorhexadol/chloralodol,CC(CC(C)(C)O)OC(O)C(Cl)(Cl)Cl,1,0,1,1,0,1.0,1,0,1,haloacetamide_warhead,2.986,0.6828
chlormezanone,CN1C(=O)CCS(=O)(=O)C1c1ccc(Cl)cc1,1,0,1,1,0,1.854,1,0,0,,2.868,0.6883
chromocarb,O=C(O)c1cc(=O)c2ccccc2o1,1,0,1,0,0,1.98,1,0,0,,2.457,0.6014
ciclesonide,CC(C)C(=O)OCC(=O)[C@@]12O[C@H](C3CCCCC3)O[C@@H]1C[C@H]1[C@@H]3CCC4=CC(=O)C=C[C@]4(C)[C@H]3[C@@H](O)C[C@@]12C,1,0,1,1,0,5.192,0,0,1,acrylamide_warhead,2.713,0.6655
ciclotizolam,Clc1ccccc1C1=NCc2nnc(C3CCCCC3)n2-c2sc(Br)cc21,1,0,0,0,0,2.87,0,0,0,cyp_terminal_thiophene,3.998,0.6479
cicortonide,CC(=O)OCC(=O)[C@@]12OC(C)(C)O[C@@H]1C[C@H]1C3CC(C#N)=C4C=C(OCCCl)CCC4(C)[C@@]3(F)C(O)CC12C,1,0,1,1,0,4.62,0,0,1,haloacetamide_warhead,3.662,0.6052
cilobamine,CC(C)N[C@H]1C2CCC(CC2)[C@]1(O)c1ccc(Cl)c(Cl)c1,1,1,1,1,0,2.544,1,0,0,,3.254,0.725
cimemoxin,NNCC1CCCCC1,1,0,1,0,0,1.0,1,0,0,,1.167,0.6951
cimepanol,CC(C)C(O)C1CCCCC1,1,0,1,0,0,1.0,1,0,0,,1.0,0.7068
cimoxatone,COCC1CN(c2ccc(OCc3cccc(C#N)c3)cc2)C(=O)O1,1,1,1,1,0,2.484,1,0,0,,2.409,0.684
cinoctramide,COc1cc(/C=C/C(=O)N2CCCCCCC2)cc(OC)c1OC,1,1,1,1,0,2.348,1,0,1,acrylamide_warhead,1.804,0.7217
cinolazepam,N#CCCN1C(=O)C(O)N=C(c2ccccc2F)c2cc(Cl)ccc21,1,1,1,1,0,2.6,1,0,0,,3.607,0.7241
ciprazafone,CN(C(=O)CNC1CC1)c1ccc(Cl)cc1C(=O)c1ccccc1Cl,1,1,1,1,0,2.234,1,0,0,,3.409,0.6975
ciprocinonide,CC1(C)O[C@@H]2C[C@H]3C4C[C@H](F)C5=CC(=O)C=C[C@]5(C)[C@@]4(F)[C@@H](O)C[C@]3(C)[C@]2(C(=O)COC(=O)C2CC2)O1,1,0,1,1,0,5.19,0,0,1,acrylamide_warhead,3.93,0.6728
citatepine,CN1CCC2=C(CC1)c1cc(C#N)ccc1Sc1ccccc12,1,1,1,1,0,2.56,1,0,0,,2.391,0.7639
clebopride,COc1cc(N)c(Cl)cc1C(=O)NC1CCN(Cc2ccccc2)CC1,1,1,1,1,0,2.15,1,0,0,cyp_aniline,2.812,0.7507
clidafidine,Clc1cccc(Cl)c1NC1=NCCO1,1,0,1,1,0,1.713,1,0,0,cyp_aniline,3.494,0.7393
clobetasone,C[C@H]1C[C@H]2[C@@H]3CCC4=CC(=O)C=C[C@]4(C)[C@@]3(F)C(=O)C[C@]2(C)[C@@]1(O)C(=O)CCl,1,1,1,1,0,3.892,1,0,1,acrylamide_warhead; haloacetamide_warhead,3.297,0.7352
clobetasone-butyrate,CCCC(=O)O[C@]1(C(=O)CCl)[C@@H](C)C[C@H]2[C@@H]3CCC4=CC(=O)C=C[C@]4(C)[C@@]3(F)C(=O)C[C@@]21C,1,1,1,1,0,3.979,1,0,1,acrylamide_warhead; haloacetamide_warhead,3.283,0.6771
clocapramine,NC(=O)C1(N2CCCCC2)CCN(CCCN2c3ccccc3CCc3ccc(Cl)cc32)CC1,1,0,1,1,0,2.787,1,0,0,,3.101,0.7477
clocortolone,C[C@@H]1CC2C3C[C@H](F)C4=CC(=O)C=CC4(C)[C@@]3(Cl)C(O)CC2(C)C1C(=O)CO,1,1,1,1,0,4.337,1,0,1,acrylamide_warhead; haloacetamide_warhead,3.261,0.7342
clocortolone-acetate,CC(=O)OCC(=O)[C@H]1[C@H](C)C[C@H]2[C@@H]3C[C@H](F)C4=CC(=O)C=C[C@]4(C)C3(Cl)[C@@H](O)C[C@@]21C,1,1,1,1,0,4.42,1,0,1,acrylamide_warhead; haloacetamide_warhead,3.311,0.6872
clocortolone-pivalate,C[C@@H]1CC2C3C[C@H](F)C4=CC(=O)C=CC4(C)[C@@]3(Cl)C(O)CC2(C)C1C(=O)COC(=O)C(C)(C)C,1,0,1,1,0,4.441,1,0,1,acrylamide_warhead; haloacetamide_warhead,3.225,0.6827
clodazon,CN(C)CCCn1c(=O)n(-c2ccccc2)c2cc(Cl)ccc21,1,1,1,1,0,2.177,1,0,0,,2.83,0.7323
clofenciclan,CCN(CC)CCOC1(c2ccc(Cl)cc2)CCCCC1,1,1,1,1,0,1.32,1,0,0,,1.995,0.7432
clofluperol,O=C(CCCN1CCC(O)(c2ccc(Cl)c(C(F)(F)F)c2)CC1)c1ccc(F)cc1,1,1,1,0,0,2.159,1,0,0,,4.873,0.6568
cloperidone,O=c1[nH]c2ccccc2c(=O)n1CCCN1CCN(c2cccc(Cl)c2)CC1,1,1,1,1,0,2.56,1,0,0,,3.183,0.7458
cloprednol,C[C@]12C=CC(=O)C=C1C(Cl)=C[C@@H]1[C@@H]2[C@@H](O)C[C@@]2(C)[C@H]1CC[C@]2(O)C(=O)CO,1,1,1,1,0,3.947,1,0,1,acrylamide_warhead,2.871,0.6531
clorethate/cloretate,O=C(OCC(Cl)(Cl)Cl)OCC(Cl)(Cl)Cl,1,0,1,1,0,1.0,1,0,1,haloacetamide_warhead,5.289,0.6951
clorgiline,C#CCN(C)CCCOc1ccc(Cl)cc1Cl,1,0,1,1,0,1.228,1,0,0,,2.698,0.6797
cloroperone,O=C(CCCN1CCC(C(=O)c2ccc(Cl)cc2)CC1)c1ccc(F)cc1,1,1,1,0,0,2.154,1,0,0,,3.165,0.6927
clorotepine,CN1CCN(C2Cc3ccccc3Sc3ccc(Cl)cc32)CC1,1,1,1,1,0,2.668,1,0,0,,2.927,0.7812
clotiazepam,CCc1cc2c(s1)N(C)C(=O)CN=C2c1ccccc1Cl,1,1,1,1,0,2.17,1,0,0,cyp_terminal_thiophene,2.914,0.7404
cloticasone(cloticasone-propionate),CCC(=O)O[C@]1(C(=O)SCCl)[C@H](C)C[C@H]2C3C[C@H](F)C4=CC(=O)C=C[C@]4(C)[C@@]3(F)[C@@H](O)C[C@@]21C,1,0,1,1,0,4.466,0,0,1,acrylamide_warhead; haloacetamide_warhead,3.918,0.6424
clotixamide(clotixamide),CNC(=O)CCN1CCN(CCC=C2c3ccccc3Sc3ccc(Cl)cc32)CC1,1,1,1,1,1,2.55,1,0,0,,3.0,0.3689
cogazocine,CCC12CCN(CC3CCC3)C(Cc3ccc(O)cc31)C2(C)C,1,1,1,1,0,2.503,1,0,0,,1.889,0.7739
conorphone(conorfone),CC[C@H]1CC(=O)[C@@H]2Oc3c(OC)ccc4c3[C@@]23CCN(CC2CC2)C(C4)[C@H]13,1,1,1,1,0,4.655,1,0,0,,2.688,0.7571
cormetasone,CC1CC2C3CC(F)(F)C4=CC(=O)C=C[C@]4(C)C3(F)C(O)CC2(C)C1(O)C(=O)CO,1,1,1,1,0,4.127,1,0,1,acrylamide_warhead,3.918,0.729
cortexolone(cortodoxonecortifen),CC12CCC(=O)C=C1CCC1C2CCC2(C)C1CCC2(O)C(=O)CO,1,1,1,1,0,3.429,1,0,1,acrylamide_warhead,2.032,0.7516
cortisone-acetate,CC(=O)OCC(=O)[C@@]1(O)CC[C@H]2[C@@H]3CCC4=CC(=O)CC[C@]4(C)[C@H]3C(=O)C[C@@]21C,1,1,1,1,1,3.593,1,0,1,acrylamide_warhead,2.229,0.3572
cortisuzol,CC1=C[C@@H]2[C@H]([C@@H](O)C[C@@]3(C)[C@H]2C[C@@H](C)[C@]3(O)C(=O)COC(=O)c2cccc(S(=O)(=O)O)c2)[C@@]2(C)Cc3cnn(-c4ccccc4)c3C=C12,0,0,0,0,0,5.891,0,0,0,,3.442,0.4903
cortivazol,CC(=O)OCC(=O)[C@@]1(O)[C@H](C)C[C@H]2[C@@H]3C=C(C)C4=Cc5c(cnn5-c5ccccc5)C[C@]4(C)[C@H]3[C@@H](O)C[C@@]21C,1,0,1,1,0,5.242,0,0,0,,2.913,0.6518
cotinine,CN1C(=O)CCC1c1cccnc1,1,0,1,0,0,1.73,1,0,0,cyp_pyridine_heme,1.972,0.7075
cotriptyline,CN(C)CC(=O)C=C1c2ccccc2CCc2ccccc21,1,1,1,1,1,2.19,1,0,1,acrylamide_warhead,1.973,0.3864
crilvastatin,CC1CC(OC(=O)C2CCC(=O)N2)CC(C)(C)C1,1,0,1,1,0,1.781,1,0,0,,1.581,0.7229
crotetamide,C/C=C/C(=O)N(CC)C(CC)C(=O)N(C)C,1,0,1,1,0,1.0,1,0,1,acrylamide_warhead,1.217,0.7121
cyclarbamate,O=C(Nc1ccccc1)OCC1(COC(=O)Nc2ccccc2)CCCC1,1,1,1,0,0,2.19,1,0,0,,2.3,0.6688
cyclindole(ciclindole),CN(C)C1CCc2[nH]c3ccccc3c2C1,1,0,1,1,1,2.106,1,0,0,,1.932,0.3888
cyclobarbital,CCC1(C2=CCCCC2)C(=O)NC(=O)NC1=O,1,0,1,1,0,1.34,1,0,0,,2.016,0.71
cyclobenzaprine,CN(C)CCC=C1c2ccccc2C=Cc2ccccc21,1,1,1,1,0,2.23,1,0,0,,1.883,0.7514
cyclopregnol,CC(=O)[C@H]1CC[C@H]2[C@@H]3C[C@@H](O)C45CC4CC[C@]5(C)[C@H]3CC[C@]12C,1,1,1,1,0,4.917,1,0,0,,1.999,0.7212
cycotiamine,C/C(=C1/CCOC(=O)S1)N(C=O)Cc1cnc(C)nc1N,1,1,1,1,0,1.658,1,0,0,,2.435,0.6421
cyheptamide,NC(=O)C1c2ccccc2CCc2ccccc21,1,0,1,1,0,2.185,1,0,0,,2.083,0.6469
cyprenorphine,COC12C=CC3(CC1C(C)(C)O)[C@@H]1Cc4ccc(O)c5c4[C@]3(CCN1CC1CC1)[C@@H]2O5,1,1,1,0,0,6.289,1,0,0,,3.33,0.7598
cyprodenate,CN(C)CCOC(=O)CCC1CCCCC1,1,0,1,1,0,1.0,1,0,0,,1.124,0.7132
cyprolidol,OC(c1ccccc1)(c1ccccc1)C1CC1c1ccncc1,1,1,1,1,0,3.131,1,0,0,cyp_pyridine_heme,2.308,0.7039
cyproximide(ciproximide),O=C1NC(=O)C2(c3ccc(Cl)cc3)CC12,1,0,1,1,0,2.523,1,0,0,,2.982,0.7443
dacemazine,CN(C)CC(=O)N1c2ccccc2Sc2ccccc21,1,1,1,1,0,2.225,1,0,0,,2.35,0.7815
dazadrol,OC(C1=NCCN1)(c1ccc(Cl)cc1)c1ccccn1,1,1,1,1,0,2.46,1,0,0,cyp_pyridine_heme,2.99,0.7452
decimemide,CCCCCCCCCCOc1c(OC)cc(C(N)=O)cc1OC,0,1,1,1,0,1.072,0,0,0,,1.42,0.6338
delfaprazine,Cc1ccc(Cc2ccccc2)c(N2CCNCC2)c1,1,1,1,1,0,2.05,1,0,0,,1.933,0.8005
demoxepam,O=C1CN(O)C(c2ccccc2)=c2cc(Cl)ccc2=N1,1,1,1,1,0,2.37,1,0,0,,3.097,0.7568
denbufylline,CCCCn1c(=O)c2c(ncn2CC(C)=O)n(CCCC)c1=O,1,1,1,1,0,1.41,1,0,0,,2.013,0.698
deprodone,CC(=O)C1(O)CCC2C3CCC4=CC(=O)C=CC4(C)C3C(O)CC21C,1,1,1,1,0,3.793,1,0,1,acrylamide_warhead,2.109,0.7211
desciclovir,Nc1ncc2ncn(COCCO)c2n1,1,0,1,1,0,1.55,0,0,0,,2.7,0.6412
descinolone(descinolone-acetonide),CC(=O)[C@@]1(O)[C@H](O)C[C@H]2[C@@H]3CCC4=CC(=O)C=C[C@]4(C)[C@@]3(F)[C@@H](O)C[C@@]21C,1,1,1,1,0,4.083,1,0,1,acrylamide_warhead,2.795,0.7255
desonide,CC1(C)O[C@@H]2C[C@H]3C4CCC5=CC(=O)C=CC5(C)[C@H]4C(O)CC3(C)[C@]2(C(=O)CO)O1,1,1,1,1,0,4.45,1,0,1,acrylamide_warhead,2.5,0.7349
desoximetasone,C[C@@H]1C[C@H]2[C@@H]3CCC4=CC(=O)C=C[C@]4(C)[C@@]3(F)[C@@H](O)C[C@]2(C)[C@H]1C(=O)CO,1,1,1,1,0,4.067,1,0,1,acrylamide_warhead,2.674,0.7564
detomidine,Cc1cccc(Cc2cnc[nH]2)c1C,1,0,1,0,0,1.68,1,0,0,cyp_imidazole_heme,1.829,0.7207
dexamethasone-acefurate,CC(=O)OCC(=O)[C@@]1(OC(=O)c2ccco2)[C@H](C)C[C@H]2[C@@H]3CCC4=CC(=O)C=C[C@]4(C)[C@@]3(F)[C@@H](O)C[C@@]21C,1,0,1,1,0,4.807,0,0,1,acrylamide_warhead; cyp_terminal_furan,3.242,0.6682
dexamisole,c1ccc([C@@H]2CN3CCSC3=N2)cc1,1,0,1,1,0,2.144,1,0,0,,2.252,0.7439
deximafen(imafen),c1ccc(C2CN=C3NCCN32)cc1,1,0,1,0,0,2.144,1,0,0,,2.252,0.7479
dexoxadrol(dioxadrolandlevoxadrol),c1ccc(C2(c3ccccc3)OC[C@H]([C@@H]3CCCCN3)O2)cc1,1,1,1,1,0,2.88,1,0,0,,2.271,0.8145
dichlorisone,CC12C=CC(=O)C=C1CCC1C3CC[C@](O)(C(=O)CO)C3(C)CC(Cl)[C@@]12Cl,1,1,1,1,0,3.833,1,0,1,acrylamide_warhead; haloacetamide_warhead,3.295,0.7236
dichlorisone-acetate,CC(=O)OCC(=O)[C@@]1(O)CCC2C3CCC4=CC(=O)C=CC4(C)[C@@]3(Cl)C(Cl)CC21C,1,1,1,1,0,3.915,1,0,1,acrylamide_warhead; haloacetamide_warhead,3.343,0.6927
diclometide,CCN(CC)CCNC(=O)c1cc(Cl)cc(Cl)c1OC,1,1,1,1,0,1.15,1,0,0,,2.8,0.722
didrovaltrate,CC(=O)O[C@H]1C[C@@H]2C(COC(=O)CC(C)C)=CO[C@@H](OC(=O)CC(C)C)[C@@H]2[C@@]12CO2,1,1,1,1,0,3.573,1,0,1,epoxide_warhead,2.082,0.5169
difebarbamate,CCCCOCC(CN1C(=O)N(CC(COCCCC)OC(N)=O)C(=O)C(CC)(c2ccccc2)C1=O)OC(N)=O,0,0,0,0,0,2.291,0,0,0,,2.066,0.4906
difluanine(difluanazine),Fc1ccc(C(CCCN2CCN(CCNc3ccccc3)CC2)c2ccc(F)cc2)cc1,1,0,1,0,0,2.631,0,0,0,cyp_aniline,3.369,0.6618
diflucortolone,C[C@@H]1CC2C3C[C@H](F)C4=CC(=O)C=CC4(C)[C@@]3(F)C(O)CC2(C)C1C(=O)CO,1,1,1,1,0,4.337,1,0,1,acrylamide_warhead,3.261,0.753
diflucortolone-pivalate,C[C@@H]1C[C@H]2[C@@H]3C[C@H](F)C4=CC(=O)C=C[C@]4(C)[C@@]3(F)[C@@H](O)C[C@]2(C)[C@H]1C(=O)COC(=O)C(C)(C)C,1,1,1,1,0,4.441,1,0,1,acrylamide_warhead,3.225,0.7253
dimelazine,CN1CCC(C)(CN2c3ccccc3Sc3ccccc32)C1,1,1,1,1,0,2.648,1,0,0,,2.314,0.7821
dimethadione,CC1(C)OC(=O)NC1=O,1,0,1,0,0,1.0,0,0,0,,2.153,0.6612
dimethazan,CN(C)CCn1cnc2c1c(=O)n(C)c(=O)n2C,1,0,1,1,0,1.405,0,0,0,,2.33,0.7046
dimethylamphetamine(dimethamphetamine),CC(Cc1ccccc1)N(C)C,1,0,1,0,0,1.295,1,0,0,,1.186,0.7273
dimiracetam,O=C1CN2C(=O)CCC2N1,1,0,1,0,0,1.35,0,0,0,,2.267,0.6218
dioxamate,CCCCCCCCCC1(C)OCC(COC(N)=O)O1,1,1,1,1,0,1.13,1,0,0,,1.303,0.7051
diphoxazide,CC(=O)NNC(=O)CC(O)(c1ccccc1)c1ccccc1,1,1,1,1,0,1.928,1,0,0,,2.141,0.6832
diprenorphine,CO[C@]12CC[C@@]3(C[C@@H]1C(C)(C)O)[C@H]1Cc4ccc(O)c5c4[C@@]3(CCN1CC1CC1)[C@H]2O5,1,1,1,0,0,6.197,1,0,0,,3.268,0.7712
divaplon,CCc1c(OC)nc2nc(C(=O)c3ccccc3)cn2c1C,1,1,1,1,0,2.208,1,0,0,,2.394,0.6683
dizocilpine(MK-801),CC12NC(Cc3ccccc31)c1ccccc12,1,0,1,1,0,2.94,1,0,0,,2.176,0.7708
domoprednate,CCCC(=O)O[C@]1(C(C)=O)CCC[C@H]2[C@@H]3CCC4=CC(=O)C=C[C@]4(C)[C@H]3[C@@H](O)C[C@@]21C,1,1,1,1,0,3.893,1,0,1,acrylamide_warhead,2.099,0.7038
donepezil,COc1cc2c(cc1OC)C(=O)C(CC1CCN(Cc3ccccc3)CC1)C2,1,1,1,1,0,2.66,1,0,0,,2.262,0.7329
dopamantine,O=C(NCCc1ccc(O)c(O)c1)C12CC3CC(CC(C3)C1)C2,1,1,1,1,1,2.452,1,0,0,,2.516,0.3441
doxapram,CCN1CC(CCN2CCOCC2)C(c2ccccc2)(c2ccccc2)C1=O,1,1,1,1,0,2.66,1,0,0,,2.262,0.7732
drotebanol,COc1ccc2c(c1OC)[C@]13CCN(C)[C@H](C2)[C@]1(O)CC[C@@H](O)C3,1,1,1,1,0,3.059,1,0,0,,2.278,0.6885
duloxetine,CNCCC(Oc1cccc2ccccc12)c1cccs1,1,1,1,1,0,2.453,1,0,0,cyp_terminal_thiophene,2.151,0.7162
duoperone,O=C(c1ccc(F)cc1)C1CCN(CCCN2c3ccccc3Sc3ccc(C(F)(F)F)cc32)CC1,1,0,0,0,0,3.084,0,0,0,,4.91,0.5574
dupracetam,O=C(CN1CCCC1=O)NNC(=O)CN1CCCC1=O,1,0,1,1,0,1.3,0,0,0,,2.267,0.6766
eclanamine,CCC(=O)N(c1ccc(Cl)c(Cl)c1)[C@@H]1CCC[C@H]1N(C)C,1,1,1,1,0,1.945,1,0,0,,2.864,0.7218
edaravone,CC1=NN(c2ccccc2)C(=O)C1,1,0,1,0,0,1.72,1,0,0,,2.132,0.7112
efetozole,Cc1nccn1C(C)c1ccccc1,1,0,1,0,0,1.93,1,0,0,,1.829,0.7199
elanzepine,CCN(CC)C/C=C1/c2ccccc2Nc2cc(Cl)ccc21,1,1,1,0,0,2.174,1,0,0,cyp_aniline,2.599,0.7251
elfazepam,CCS(=O)(=O)CCN1C(=O)CN=C(c2ccccc2F)c2cc(Cl)ccc21,1,1,1,1,0,2.274,1,0,0,,3.578,0.7423
elopiprazole,Fc1ccc(-c2ccc(CN3CCN(c4cccc5ccoc45)CC3)[nH]2)cc1,1,1,1,1,0,3.049,1,0,0,cyp_terminal_furan,3.362,0.7243
eltoprazine,c1cc2c(c(N3CCNCC3)c1)OCCO2,1,0,1,1,0,1.77,0,0,0,,2.25,0.7749
embutramide,CCC(CC)(CNC(=O)CCCO)c1cccc(OC)c1,1,1,1,1,0,1.064,1,0,0,,1.401,0.6759
enciprazine,COc1ccccc1N1CCN(CC(O)COc2cc(OC)c(OC)c(OC)c2)CC1,1,1,1,1,0,2.346,1,0,0,,2.292,0.6177
encyprate,CCOC(=O)N(Cc1ccccc1)C1CC1,1,0,1,1,0,1.466,1,0,0,,1.793,0.7448
endixaprine,OC1CCN(c2ccc(-c3ccc(Cl)cc3Cl)nn2)CC1,1,1,1,1,0,2.07,1,0,0,,3.49,0.7718
endomide,CCN(CC)C(=O)[C@H]1[C@H](C(=O)N(CC)CC)[C@H]2C=C[C@@H]1C2,1,1,1,1,0,2.202,1,0,0,,1.56,0.7232
endrysone(endrisone),CC(=O)C1CCC2C3CC(C)C4=CC(=O)C=CC4(C)C3C(O)CC12C,1,1,1,1,0,4.027,1,0,1,acrylamide_warhead,1.978,0.7198
enilospirone,CC1OC2(CCCCC2Oc2cccc(Cl)c2)NC1=O,1,1,1,1,0,3.16,1,0,0,,2.723,0.7951
eptastigmine,CCCCCCCNC(=O)Oc1ccc2c(c1)[C@]1(C)CCN(C)[C@@H]1N2C,1,1,1,1,0,2.27,1,0,0,,1.944,0.7174
erizepine,CN1CCC2=C(CC1)c1ccccc1N(C)c1ccccc12,1,1,1,1,0,2.48,1,0,0,,2.233,0.7623
etacepride,CCN1CCCC1CNC(=O)c1cc(C(C)=O)ccc1OC,1,1,1,1,0,1.755,1,0,0,,1.858,0.7287
etamiphyllin,CCN(CC)CCn1cnc2c1c(=O)n(C)c(=O)n2C,1,1,1,1,0,1.362,0,0,0,,2.158,0.727
etasuline,CCNC1=Nc2ccc(Cl)cc2C(c2ccccc2)S1,1,1,1,1,0,2.475,1,0,0,,2.85,0.7704
etazepine,CCOC1c2ccccc2C(=O)N(C)c2ccccc21,1,1,1,1,0,2.418,1,0,0,,2.162,0.6951
ethomoxane,CCCCNCC1COc2cccc(OCC)c2O1,1,0,1,1,0,1.61,1,0,0,,1.752,0.7074
ethylene(ethene),CCCl,1,0,1,0,0,1.0,1,0,1,haloacetamide_warhead,1.7,0.6723
ethyl-loflazepate,C=C,1,0,1,0,0,1.04,0,0,0,,1.0,0.6513
ethypicone,CCC1(CC)C(=O)NC=C(C)C1=O,1,0,1,0,0,1.0,1,0,1,acrylamide_warhead,1.512,0.7001
eticyclidine,CCNC1(c2ccccc2)CCCCC1,1,0,1,1,0,1.314,1,0,0,,1.343,0.7847
etifoxine,CCNC1=Nc2ccc(Cl)cc2C(C)(c2ccccc2)O1,1,1,1,1,0,2.438,1,0,0,,2.783,0.7621
etiracetam(levetiracetam),CCC(C(N)=O)N1CCCC1=O,1,0,1,0,0,1.0,0,0,0,,1.7,0.6995
etisulergine,CCN(CC)S(=O)(=O)N[C@H]1C[C@@H]2c3cccc4[nH]cc(c34)C[C@H]2N(C)C1,1,1,1,1,0,2.975,1,0,0,,2.545,0.7831
etodroxizine,OCCOCCOCCN1CCN(C(c2ccccc2)c2ccc(Cl)cc2)CC1,0,1,1,1,0,2.306,1,0,0,,2.638,0.6712
etoperidone,CCc1nn(CCCN2CCN(c3cccc(Cl)c3)CC2)c(=O)n1CC,1,1,1,1,0,1.875,1,0,0,,2.745,0.7577
etorphine,CCCC(C)(O)C1CC23C=CC1(OC)C1Oc4c(O)ccc5c4C12CCN(C)C3C5,1,1,1,1,0,6.184,1,0,0,,3.056,0.7638
etoxadrol,CCC1(c2ccccc2)OCC(C2CCCCN2)O1,1,0,1,1,0,2.43,1,0,0,,1.874,0.8064
famciclovir,CC(=O)OCC(CCn1cnc2cnc(N)nc21)COC(C)=O,1,1,1,1,0,1.56,0,0,0,,2.374,0.7016
fantridone,CN(C)CCCn1c(=O)c2ccccc2c2ccccc21,1,1,1,1,0,2.137,1,0,0,cyp_pyridine_heme,2.106,0.7013
fasiplon,CCc1c(OC)nc2nc(-c3noc(C)n3)cn2c1C,1,1,1,1,0,1.988,1,0,0,,2.642,0.7019
fasoracetam,O=C1CC[C@H](C(=O)N2CCCCC2)N1,1,0,1,0,0,1.27,0,0,0,,1.817,0.6893
febarbamate,CCCCOCC(CN1C(=O)NC(=O)C(CC)(c2ccccc2)C1=O)OC(N)=O,1,1,1,1,0,2.18,0,0,0,,2.131,0.61
felbamate,NC(=O)OCC(COC(N)=O)c1ccccc1,1,0,1,1,0,1.363,0,0,0,,2.141,0.6734
femoxetine,COc1ccc(OCC2CN(C)CCC2c2ccccc2)cc1,1,1,1,1,0,2.53,1,0,0,,1.971,0.7763
fenaperone,O=C(CCCN1CCN(C(=O)OC2CCCCC2)CC1)c1ccc(F)cc1,1,1,1,1,0,1.847,1,0,0,,2.571,0.75
fenbutrazate,CCC(C(=O)OCCN1CCOC(c2ccccc2)C1C)c1ccccc1,1,1,1,1,0,2.818,1,0,0,,1.997,0.7294
fencamfamin,CCNC1C2CCC(C2)C1c1ccccc1,1,0,1,1,0,2.65,1,0,0,,1.607,0.7806
fengabine,CCCCN/C(=C1/C=C(Cl)C=CC1=O)c1ccccc1Cl,1,1,1,1,0,1.838,1,0,1,acrylamide_warhead,2.983,0.7213
fenharmane,c1ccc(CC2NCCc3c2[nH]c2ccccc32)cc1,1,1,1,1,1,2.783,1,0,0,,2.322,0.3822
fenimide,CCC1C(=O)NC(=O)C1(C)c1ccccc1,1,0,1,1,0,2.058,1,0,0,,1.855,0.7437
fenmetozole,Clc1ccc(OCC2=NCCN2)cc1Cl,1,0,1,1,0,1.64,1,0,0,,3.36,0.7404
fenmetramide,CC1NC(=O)COC1c1ccccc1,1,0,1,0,0,2.044,1,0,0,,1.952,0.7229
fenobam,CN1CC(=O)N=C1NC(=O)Nc1cccc(Cl)c1,1,0,1,1,0,1.842,1,0,0,,3.121,0.706
fenozolone,CCNC1=NC(=O)C(c2ccccc2)O1,1,0,1,1,0,1.923,1,0,0,,2.182,0.7438
fenpentadiol,CC(C)(O)CC(C)(O)c1ccc(Cl)cc1,1,0,1,1,0,1.3,1,0,0,,2.0,0.7082
fepitrizol,Cn1nc(-c2cccnc2)nc1-c1ccccc1CO,1,1,1,1,0,2.29,1,0,0,cyp_pyridine_heme,2.543,0.7158
fipexide,O=C(COc1ccc(Cl)cc1)N1CCN(Cc2ccc3c(c2)OCO3)CC1,1,1,1,1,0,2.52,1,0,0,cyp_methylenedioxyphenyl,3.198,0.7438
flerobuterol,CC(C)(C)NCC(O)c1ccccc1F,1,0,1,1,0,1.3,1,0,0,,2.0,0.7052
florfenicol,CS(=O)(=O)c1ccc([C@@H](O)[C@@H](CF)NC(=O)C(Cl)Cl)cc1,1,1,1,1,0,1.77,1,0,1,haloacetamide_warhead,3.752,0.6462
fluacizine,CCN(CC)CCC(=O)N1c2ccccc2Sc2ccc(C(F)(F)F)cc21,1,1,1,0,0,2.17,0,0,0,,3.898,0.7168
fluazacort,CC(=O)OCC(=O)C12N=C(C)OC1CC1C3CCC4=CC(=O)C=CC4(C)[C@@]3(F)C(O)CC12C,1,1,1,1,0,4.594,1,0,1,acrylamide_warhead,3.183,0.7292
flubanilate,CCOC(=O)N(CCN(C)C)c1cccc(C(F)(F)F)c1,1,1,1,1,0,1.17,1,0,0,,3.4,0.7554
flubepride,COc1ccc(S(N)(=O)=O)cc1C(=O)NCC1CCCN1Cc1ccc(F)cc1,1,1,1,1,0,2.46,1,0,0,,3.051,0.6393
flucloronide(fluclorolone-acetonide),CC1(C)O[C@@H]2CC3C4C[C@H](F)C5=CC(=O)C=CC5(C)[C@@]4(Cl)C(Cl)CC3(C)[C@]2(C(=O)CO)O1,1,0,1,1,0,4.74,1,0,1,acrylamide_warhead; haloacetamide_warhead,4.15,0.7258
fludrocortisone,C[C@]12CCC(=O)C=C1CC[C@H]1[C@@H]3CC[C@](O)(C(=O)CO)[C@@]3(C)C[C@H](O)[C@@]12F,1,1,1,1,0,3.719,1,0,1,acrylamide_warhead,2.719,0.7082
fludrocortisone-acetate,CC(=O)OCC(=O)[C@@]1(O)CC[C@H]2[C@@H]3CCC4=CC(=O)CC[C@]4(C)[C@@]3(F)[C@@H](O)C[C@@]21C,1,1,1,1,0,3.811,1,0,1,acrylamide_warhead,2.774,0.731
flumezapine,Cc1cc2c(s1)=Nc1ccc(F)cc1NC=2N1CCN(C)CC1,1,1,1,1,0,2.436,1,0,0,cyp_terminal_thiophene; cyp_aniline,3.2,0.7894
flumoxonide,COC(OC)C(=O)[C@@]12OC(C)(C)O[C@@H]1CC1C3C[C@H](F)C4=CC(=O)C=CC4(C)[C@@]3(F)C(O)CC12C,1,0,1,1,0,4.777,1,0,1,acrylamide_warhead,3.656,0.7253
fluocinonide,CC(=O)OCC(=O)[C@@]12OC(C)(C)O[C@@H]1C[C@H]1[C@@H]3C[C@H](F)C4=CC(=O)C=C[C@]4(C)[C@@]3(F)[C@@H](O)C[C@@]12C,1,0,1,1,0,4.823,1,0,1,acrylamide_warhead,3.687,0.7223
fluocortin,CCCCOC(=O)C(=O)C1C(C)CC2C3CC(F)C4=CC(=O)C=CC4(C)C3C(O)CC21C,1,1,1,1,0,4.413,1,0,1,acrylamide_warhead,2.678,0.6635
fluocortolone-caproate,CCCCCC(=O)OCC(=O)C1C(C)CC2C3CC(F)C4=CC(=O)C=CC4(C)C3C(O)CC21C,1,1,1,1,0,4.43,1,0,1,acrylamide_warhead,2.629,0.6735
fluoresone,CCS(=O)(=O)c1ccc(F)cc1,1,0,1,0,0,1.29,1,0,0,,2.6,0.6493
fluorometholone-acetate,CC(=O)O[C@]1(C(C)=O)CC[C@H]2[C@@H]3C[C@H](C)C4=CC(=O)C=C[C@]4(C)[C@@]3(F)[C@@H](O)C[C@@]21C,1,1,1,1,0,4.15,1,0,1,acrylamide_warhead,2.733,0.7263
fluotracen,C[C@H]1c2ccccc2[C@@H](CCCN(C)C)c2cc(C(F)(F)F)ccc21,1,0,1,0,0,2.536,0,0,0,,3.537,0.7284
fluoxetine,CNCCC(Oc1ccc(C(F)(F)F)cc1)c1ccccc1,1,1,1,1,0,2.037,1,0,0,,3.547,0.7663
fluphenazine-enanthate,CCCCCCC(=O)OCCN1CCN(CCCN2c3ccccc3Sc3ccc(C(F)(F)F)cc32)CC1,0,0,0,0,0,2.498,0,0,0,,3.969,0.5413
flupimazine,OCCOC1CCN(CCCN2c3ccccc3Sc3ccc(C(F)(F)F)cc32)CC1,1,1,1,0,0,2.446,1,0,0,,4.092,0.7022
fluprazine,NC(=O)NCCN1CCN(c2cccc(C(F)(F)F)c2)CC1,1,1,1,1,0,1.54,1,0,0,,3.791,0.7905
fluspirilene,O=C1NCN(c2ccccc2)C12CCN(CCCC(c1ccc(F)cc1)c1ccc(F)cc1)CC2,1,0,1,0,0,3.636,1,0,0,,3.738,0.6781
flutazolam,O=C1CN2CCOC2(c2ccccc2F)c2cc(Cl)ccc2N1CCO,1,1,1,1,0,2.791,1,0,0,,3.755,0.7805
flutemazepam,CN1C(=O)C(O)N=C(c2ccccc2F)c2cc(Cl)ccc21,1,1,1,1,0,2.59,1,0,0,,3.618,0.7673
fluticasone,CC1CC2C3CC(F)C4=CC(=O)C=CC4(C)C3(F)C(O)CC2(C)C1(O)C(=O)SCF,1,1,1,1,0,4.377,1,0,1,acrylamide_warhead,3.918,0.7401
fluticasone-propionate,CCC(=O)O[C@]1(C(=O)SCF)[C@H](C)C[C@H]2[C@@H]3C[C@H](F)C4=CC(=O)C=C[C@]4(C)[C@@]3(F)[C@@H](O)C[C@@]21C,1,0,1,1,0,4.466,0,0,1,acrylamide_warhead,3.918,0.674
flutizenol,OCCN1CCN(CCCN2c3cc(C(F)(F)F)ccc3Sc3sccc32)CC1,1,1,1,1,0,2.38,1,0,0,cyp_terminal_thiophene,4.231,0.7369
flutomidate,CCOC(=O)c1cncn1C(C)c1ccc(F)cc1,1,0,1,1,0,1.987,1,0,0,,2.661,0.7205
flutroline,OC(CCCN1CCc2c(c3cc(F)ccc3n2-c2ccc(F)cc2)C1)c1ccc(F)cc1,1,0,0,0,0,3.349,0,0,0,,4.338,0.6403
fluvastatin,CC(C)n1c(/C=C/[C@@H](O)C[C@H](O)CC(=O)O)c(-c2ccc(F)cc2)c2ccccc21,1,1,1,1,0,2.8,1,0,0,,2.767,0.6163
fluvoxamine,COCCCC/C(=N\OCCN)c1ccc(C(F)(F)F)cc1,1,1,1,1,0,1.15,1,0,0,,3.328,0.6349
fluzinamide,CNC(=O)N1CC(Oc2cccc(C(F)(F)F)c2)C1,1,0,1,1,0,1.58,1,0,0,,3.872,0.7755
folic-acid,Nc1nc(=O)c2nc(CNc3ccc(C(=O)N[C@@H](CCC(=O)O)C(=O)O)cc3)cnc2[nH]1,0,1,0,0,0,2.687,0,0,0,cyp_aniline,2.95,0.4717
formocortal,CC(=O)OCC(=O)[C@@]12OC(C)(C)O[C@@H]1CC1C3CC(C=O)=C4C=C(OCCCl)CCC4(C)[C@@]3(F)C(O)CC12C,1,0,1,1,0,4.62,0,0,1,acrylamide_warhead; haloacetamide_warhead,3.662,0.5855
fosazepam,CP(C)(=O)CN1C(=O)CN=C(c2ccccc2)c2cc(Cl)ccc21,1,1,1,1,0,2.263,1,0,0,,2.972,0.7422
fosenazide,NNC(=O)CP(=O)(c1ccccc1)c1ccccc1,1,0,1,1,0,1.994,0,0,0,,2.332,0.5729
fosfomycin,C[C@@H]1O[C@@H]1P(=O)(O)O,1,0,1,0,0,1.0,0,0,1,epoxide_warhead,2.375,0.4877
fosphenytoin,O=C1NC(c2ccccc2)(c2ccccc2)C(=O)N1COP(=O)(O)O,1,1,1,1,0,2.4,1,0,0,,2.88,0.6456
ftormetazine,CN1CCN(CCC(=O)N2c3ccccc3Sc3ccc(C(F)(F)F)cc32)CC1,1,1,1,1,0,2.523,1,0,0,,4.223,0.7696
ftorpropazine,O=C(CCN1CCN(CCO)CC1)N1c2ccccc2Sc2ccc(C(F)(F)F)cc21,1,1,1,1,0,2.529,1,0,0,,4.244,0.7631
furomazine,O=C1OCCC1C1(O)CCN(CCCN2c3ccccc3Sc3ccc(Cl)cc32)CC1,1,1,1,1,0,3.07,1,0,0,,3.311,0.7449
fursultiamine,C/C(=C(/CCO)SSCC1CCCO1)N(C=O)Cc1cnc(C)nc1N,1,1,1,1,0,1.764,1,0,0,,2.168,0.6231
gaboxadol,O=c1[nH]oc2c1CCNC2,1,0,1,0,0,1.3,0,0,0,,2.4,0.7021
ganaxolone,CC(=O)[C@H]1CC[C@H]2[C@@H]3CC[C@H]4C[C@](C)(O)CC[C@]4(C)[C@H]3CC[C@]12C,1,1,1,1,0,3.735,1,0,0,,1.686,0.7331
gedocarnil,COCc1c(C(=O)OC(C)C)ncc2[nH]c3cccc(Oc4ccc(Cl)cc4)c3c12,1,0,1,0,0,2.739,0,0,0,cyp_pyridine_heme,3.226,0.595
gemazocine,CCC12CCN(CC3CC3)C(Cc3ccc(O)cc31)C2(C)C,1,1,1,1,0,2.5,1,0,0,,1.913,0.776
gepirone,CC1(C)CC(=O)N(CCCCN2CCN(c3ncccn3)CC2)C(=O)C1,1,1,1,1,0,1.749,1,0,0,,2.16,0.7055
gevotroline,Fc1ccc2[nH]c3c(c2c1)CN(CCCc1cccnc1)CC3,1,1,1,1,1,2.481,1,0,0,cyp_pyridine_heme,2.969,0.3878
girisopam,COc1cc2c(cc1OC)C(c1cccc(Cl)c1)=NN=C(C)C2,1,1,1,1,0,2.243,1,0,0,,2.874,0.7536
halcinonide,CC1(C)O[C@@H]2C[C@H]3[C@@H]4CCC5=CC(=O)CC[C@]5(C)[C@@]4(F)[C@@H](O)C[C@]3(C)[C@]2(C(=O)CCl)O1,1,1,1,1,0,4.37,1,0,1,acrylamide_warhead; haloacetamide_warhead,3.511,0.7396
halocortolone,C[C@@H]1C[C@H]2[C@@H]3C[C@H](F)C4=CC(=O)C=C[C@]4(C)C3(Cl)[C@@H](F)C[C@]2(C)[C@H]1C(=O)CO,1,1,1,1,0,4.337,1,0,1,acrylamide_warhead; haloacetamide_warhead,3.761,0.7476
halopemide,O=C(NCCN1CCC(n2c(=O)[nH]c3cc(Cl)ccc32)CC1)c1ccc(F)cc1,1,1,1,1,0,2.58,1,0,0,cyp_imidazole_heme,3.761,0.7403
haloperidol-decanoate,CCCCCCCCCC(=O)OC1(c2ccc(Cl)cc2)CCN(CCCC(=O)c2ccc(F)cc2)CC1,0,0,0,0,0,2.132,0,0,0,,2.948,0.482
halopredone(halopredone-acetate),C[C@]12C=C(Br)C(=O)C=C1[C@H](F)C[C@H]1[C@@H]3CCC(O)(C(=O)CO)[C@@]3(C)C[C@H](O)C12F,1,1,1,1,1,4.123,1,0,1,acrylamide_warhead,3.956,0.3493
haloxazolam,O=C1CN2CCOC2(c2ccccc2F)c2cc(Br)ccc2N1,1,1,1,1,0,2.828,1,0,0,,3.794,0.7733
hexapradol,CCCCCC(N)C(O)(c1ccccc1)c1ccccc1,1,1,1,1,0,1.928,1,0,0,,1.591,0.7086
homopipramol,OCCN1C=CN(CCCN2c3ccccc3C=Cc3ccccc32)C=CC1,1,1,1,1,0,2.66,1,0,0,,2.429,0.7426
homprenorphine,CCC(C)(O)C1CC23C=CC1(OC)C1Oc4c(OC)ccc5c4C12CCN(CC1CC1)C3C5,1,1,1,0,0,6.553,1,0,0,,3.283,0.7197
hopantenic-acid,CC(C)(CO)[C@@H](O)C(=O)NCCCC(=O)O,1,0,1,1,0,1.0,0,0,0,,1.485,0.5646
hydrocortamate,CCN(CC)CC(=O)OCC(=O)[C@@]1(O)CC[C@H]2[C@@H]3CCC4=CC(=O)CC[C@]4(C)[C@H]3[C@@H](O)C[C@@]21C,1,1,1,1,0,3.852,1,0,1,acrylamide_warhead,2.166,0.6521
hydrocortisone-aceponate,CCC(=O)O[C@]1(C(=O)COC(C)=O)CC[C@H]2[C@@H]3CCC4=CC(=O)CC[C@]4(C)[C@H]3[C@@H](O)C[C@@]21C,1,1,1,1,0,3.887,1,0,1,acrylamide_warhead,2.221,0.6808
hydrocortisonecypionate(hydrocortisone-cipionate),C[C@]12CCC(=O)C=C1CC[C@@H]1[C@@H]2[C@@H](O)C[C@@]2(C)[C@H]1CC[C@]2(O)C(=O)COC(=O)CCC(=O)O,1,1,0,1,0,3.898,0,0,1,acrylamide_warhead,2.319,0.6174
hydrocortisone-hemisuccinate,CCCCC(=O)O[C@]1(C(=O)CO)CCC2C3CCC4=CC(=O)CCC4(C)C3C(O)CC21C,1,1,1,1,0,3.821,1,0,1,acrylamide_warhead,2.116,0.6945
hydrocortisone-valerate,CC12CCC(=O)C=C1CCC1C2C(O)CC2(C)C1CCC2(O)C(=O)COC(=O)CCC1CCCC1,1,0,1,1,0,4.207,1,0,1,acrylamide_warhead,2.352,0.6768
hydromorphinol,CN1CC[C@]23c4c5ccc(O)c4O[C@H]2[C@@H](O)CC[C@@]3(O)[C@H]1C5,1,1,1,1,0,4.264,0,0,0,,2.664,0.7481
hydroxindasol,COc1ccc(Cn2c(C)c(CCN)c3cc(O)ccc32)cc1,1,1,1,1,1,2.194,1,0,0,,2.211,0.3366
ibrotamide,CCC(Br)(C(N)=O)C(C)C,1,0,1,1,0,1.0,1,0,1,haloacetamide_warhead,1.714,0.7361
iclazepam,O=C1CN=C(c2ccccc2)c2cc(Cl)ccc2N1CCOCC1CC1,1,1,1,1,0,2.52,1,0,0,,3.01,0.737
ifoxetine,Cc1cccc(O[C@H]2CCNC[C@H]2O)c1C,1,0,1,1,0,1.874,1,0,0,,1.732,0.7109
ilepcimide,O=C(/C=C/c1ccc2c(c1)OCO2)N1CCCCC1,1,0,1,1,0,1.95,1,0,1,acrylamide_warhead; cyp_methylenedioxyphenyl,2.212,0.7604
iloperidone,COc1cc(C(C)=O)ccc1OCCCN1CCC(c2noc3cc(F)ccc23)CC1,1,1,1,1,0,2.52,1,0,0,,3.044,0.6569
imiclopazine,CN1CCN(CCN2CCN(CCCN3c4ccccc4Sc4ccc(Cl)cc43)CC2)C1=O,1,0,1,1,0,2.834,1,0,0,,3.343,0.7295
imidoline,CN(C)CCN1CCN(c2cccc(Cl)c2)C1=O,1,0,1,1,0,1.506,1,0,0,,2.564,0.7487
imipraminoxide,C[N+](C)([O-])CCCN1c2ccccc2CCc2ccccc21,1,1,1,1,0,2.048,1,0,0,,2.014,0.7242
indatraline,CN[C@@H]1C[C@@H](c2ccc(Cl)c(Cl)c2)c2ccccc21,1,0,1,1,0,2.63,1,0,0,,3.174,0.7741
indeloxazine,C1=Cc2cccc(OCC3CNCCO3)c2C1,1,0,1,1,0,2.126,1,0,0,,2.087,0.7871
indriline,CN(C)CCC1(c2ccccc2)C=Cc2ccccc21,1,1,1,1,0,2.384,1,0,0,,1.839,0.7775
iproclozide,CC(C)NNC(=O)COc1ccc(Cl)cc1,1,0,1,1,0,1.234,1,0,0,,2.447,0.7208
iprozilamine,CSc1c(Cl)nc(NC(C)C)nc1N1CCN(C)CC1,1,1,1,1,0,1.269,1,0,0,,2.596,0.7459
ipsapirone,O=C1c2ccccc2S(=O)(=O)N1CCCCN1CCN(c2ncccn2)CC1,1,1,1,1,0,2.455,1,0,0,,2.827,0.7051
isocarboxazid,Cc1cc(C(=O)NNCc2ccccc2)no1,1,0,1,1,0,1.84,1,0,0,,2.349,0.7109
isoflupredone,CC12C=CC(=O)C=C1CCC1C3CCC(O)(C(=O)CO)C3(C)CC(O)C12F,1,1,1,1,0,3.833,1,0,1,acrylamide_warhead,2.795,0.731
isoflupredone-acetate,CC(=O)OCC(=O)[C@@]1(O)CC[C@H]2[C@@H]3CCC4=CC(=O)C=C[C@]4(C)[C@@]3(F)[C@@H](O)C[C@@]21C,1,1,1,1,0,3.915,1,0,1,acrylamide_warhead,2.843,0.7327
itrocinonide,CCC[C@@H]1O[C@@H]2C[C@H]3[C@@H]4C[C@H](F)C5=CC(=O)C=C[C@]5(C)C4(F)[C@@H](O)C[C@]3(C)[C@]2(C(=O)O[C@H](C)OC(=O)OCC)O1,1,0,1,1,0,5.39,0,0,1,acrylamide_warhead,3.718,0.6286
ivoqualine,C=C[C@@H]1CNCC[C@H]1CCCc1ccnc2ccc(OC)cc12,1,1,1,1,0,2.47,1,0,0,cyp_pyridine_heme,1.931,0.7793
ketazocine,CC1[C@H]2C(=O)c3ccc(O)cc3[C@]1(C)CCN2CC1CC1,1,1,1,1,0,2.837,1,0,0,,2.14,0.7518
ketazolam,CC1=CC(=O)N2CC(=O)N(C)c3ccc(Cl)cc3C2(c2ccccc2)O1,1,1,1,1,0,2.93,1,0,1,acrylamide_warhead,3.232,0.7147
ketobemidone,CCC(=O)C1(c2cccc(O)c2)CCN(C)CC1,1,0,1,1,0,1.42,1,0,0,,1.673,0.765
lesopitron,Clc1cnn(CCCCN2CCN(c3ncccn3)CC2)c1,1,1,1,1,0,1.85,1,0,0,,2.928,0.765
levophenacylmorphan,O=C(CN1CCC23CCCCC2C1Cc1ccc(O)cc13)c1ccccc1,1,1,1,1,0,3.49,1,0,0,,2.467,0.7681
linopirdine,O=C1N(c2ccccc2)c2ccccc2C1(Cc1ccncc1)Cc1ccncc1,1,1,1,1,0,3.212,1,0,0,cyp_pyridine_heme,2.808,0.6878
lisuride,CCN(CC)C(=O)N[C@H]1C=C2c3cccc4[nH]cc(c34)C[C@H]2N(C)C1,1,1,1,1,0,2.86,1,0,0,,2.44,0.7925
litracen,CNCCC=C1c2ccccc2C(C)(C)c2ccccc21,1,1,1,1,1,2.11,1,0,0,,1.803,0.389
lofendazam,O=C1CCNc2ccc(Cl)cc2N1c1ccccc1,1,0,1,1,0,2.27,1,0,0,cyp_aniline,2.925,0.78
lofentanil,CCC(=O)N(c1ccccc1)[C@]1(C(=O)OC)CCN(CCc2ccccc2)C[C@@H]1C,1,1,1,1,0,2.622,1,0,0,,2.048,0.7188
lofepramine,CN(CCCN1c2ccccc2CCc2ccccc21)CC(=O)c1ccc(Cl)cc1,1,0,1,0,0,2.677,0,0,0,,2.885,0.6452
lometraline,COc1ccc(Cl)c2c1CCCC2N(C)C,1,0,1,1,0,1.624,1,0,0,,2.232,0.7434
lopirazepam,O=C1Nc2ccc(Cl)nc2C(c2ccccc2Cl)=NC1O,1,1,1,1,0,2.634,1,0,0,cyp_pyridine_heme,3.843,0.6885
loprazolam,CN1CCN(/C=C2\N=C3CN=C(c4ccccc4Cl)c4cc([N+](=O)[O-])ccc4N3C2=O)CC1,1,1,1,1,0,3.097,1,0,1,acrylamide_warhead,3.7,0.6081
lormetazepam,CN1C(=O)C(O)N=C(c2ccccc2Cl)c2cc(Cl)ccc21,1,1,1,1,0,2.59,1,0,0,,3.618,0.7505
lorpiprazole,FC(F)(F)c1cccc(N2CCN(CCc3nnc4n3C[C@H]3CCC[C@@H]43)CC2)c1,1,1,1,1,0,3.087,1,0,0,,4.332,0.7742
lortalamine,CN1CC[C@]23NC(=O)CC(c4cc(Cl)ccc4O2)C3C1,1,1,1,1,0,2.91,1,0,0,,3.023,0.7701
lorzafone,CN(C(=O)CNC(=O)CN)c1ccc(Cl)cc1C(=O)c1ccccc1Cl,1,1,1,1,0,2.02,1,0,0,,3.39,0.6704
losigamone,COC1=CC(=O)OC1C(O)c1ccccc1Cl,1,0,1,1,0,2.24,1,0,1,acrylamide_warhead,2.782,0.7223
loteprednol(loteprednol-etabonate),CCOC(=O)OC1(C(=O)OCCl)CCC2C3CCC4=CC(=O)C=CC4(C)C3C(O)CC21C,1,1,1,1,0,3.94,1,0,1,acrylamide_warhead; haloacetamide_warhead,2.883,0.6491
loxapine,CN1CCN(C2=Nc3ccccc3Oc3ccc(Cl)cc32)CC1,1,1,1,1,0,2.527,1,0,0,,3.13,0.7697
lufuradom,CN1c2cc(F)ccc2C(c2ccccc2)=NCC1CNC(=O)c1ccoc1,1,1,1,1,0,2.992,1,0,0,cyp_terminal_furan,3.197,0.7595
mazindol,OC1(c2ccc(Cl)cc2)c2ccccc2C2=NCCN21,1,1,1,1,0,2.825,1,0,0,,3.15,0.7616
mazipredone,CN1CCN(CC(=O)[C@@]2(O)CC[C@H]3[C@@H]4CCC5=CC(=O)C=C[C@]5(C)[C@H]4[C@@H](O)C[C@@]32C)CC1,1,1,1,1,0,4.217,1,0,1,acrylamide_warhead,2.447,0.7318
mebanazine,CC(NN)c1ccccc1,1,0,1,0,0,1.5,1,0,0,,1.7,0.6547
mebutamate,CCC(C)C(C)(COC(N)=O)COC(N)=O,1,0,1,1,0,1.0,1,0,0,,1.485,0.677
meclonazepam,C[C@@H]1N=C(c2ccccc2Cl)c2cc([N+](=O)[O-])ccc2NC1=O,1,1,1,1,0,2.61,1,0,0,,3.213,0.6147
mecloralurea,CNC(=O)NC(O)C(Cl)(Cl)Cl,1,0,1,1,0,1.0,0,0,1,haloacetamide_warhead,3.809,0.6421
meclorisone(meclorisone-dibutyrate),C[C@@H]1CC2C3CCC4=CC(=O)C=CC4(C)[C@@]3(Cl)C(Cl)CC2(C)[C@@]1(O)C(=O)CO,1,1,1,1,0,4.087,1,0,1,acrylamide_warhead; haloacetamide_warhead,3.261,0.726
medrysone,CC(=O)[C@H]1CC[C@H]2[C@@H]3C[C@H](C)C4=CC(=O)CC[C@]4(C)[C@H]3[C@@H](O)C[C@]12C,1,1,1,1,0,3.918,1,0,1,acrylamide_warhead,1.905,0.7083
mefexamide,CCN(CC)CCNC(=O)COc1ccc(OC)cc1,1,1,1,1,0,1.11,1,0,0,,1.623,0.7236
melitracen,CN(C)CCC=C1c2ccccc2C(C)(C)c2ccccc21,1,1,1,1,1,2.09,1,0,0,,1.77,0.3871
melperone,CC1CCN(CCCC(=O)c2ccc(F)cc2)CC1,1,0,1,1,0,1.405,1,0,0,,2.124,0.7671
memantine,CC12CC3CC(C)(C1)CC(N)(C3)C2,1,0,1,0,0,1.96,1,0,0,,1.631,0.7466
mephenoxalone,COc1ccccc1OCC1CNC(=O)O1,1,0,1,1,0,1.834,1,0,0,,2.247,0.711
meprotixol,COc1ccc2c(c1)C(O)(CCCN(C)C)c1ccccc1S2,1,1,1,1,0,2.318,1,0,0,,2.127,0.7005
mesulergine,CN1C[C@@H](NS(=O)(=O)N(C)C)C[C@@H]2c3cccc4c3c(cn4C)C[C@H]21,1,1,1,1,1,2.983,1,0,0,,2.596,0.377
metacetamol,CC(=O)Nc1cccc(O)c1,1,0,1,0,0,1.42,1,0,0,,2.018,0.6483
metaglycodol,CC(C)(O)C(C)(O)c1cccc(Cl)c1,1,0,1,1,0,1.335,1,0,0,,2.079,0.681
methapyrilene,CN(C)CCN(Cc1cccs1)c1ccccn1,1,0,1,1,0,1.631,1,0,0,cyp_pyridine_heme; cyp_terminal_thiophene,1.981,0.7391
metharbital,CCC1(CC)C(=O)NC(=O)N(C)C1=O,1,0,1,0,0,1.0,0,0,0,,1.838,0.686
methitural,CCCC(C)C1(CCSC)C(=O)NC(=S)NC1=O,1,0,1,1,0,1.06,1,0,0,,1.7,0.6882
methyldesorphine,CC1=CCC2C3Cc4ccc(O)c5c4C2(CCN3C)C1O5,1,1,1,1,0,4.103,1,0,0,,2.484,0.7681
methyldihydromorphine,CO[C@H]1CC[C@H]2[C@H]3Cc4ccc(O)c5c4[C@@]2(CCN3C)[C@H]1O5,1,1,1,1,0,4.24,1,0,0,,2.512,0.7917
methylprednisolone21hemisuccinate(methylprednisolone-hemisuccinate),CCC(=O)O[C@]1(C(=O)COC(C)=O)CC[C@H]2[C@@H]3C[C@H](C)C4=CC(=O)C=C[C@]4(C)[C@H]3[C@@H](O)C[C@@]21C,1,1,1,1,0,4.236,1,0,1,acrylamide_warhead,2.255,0.6633
metiapine,Cc1ccc2c(c1)C(N1CCN(C)CC1)=Nc1ccccc1S2,1,1,1,1,0,2.481,1,0,0,,2.469,0.7681
metofenazate,COc1cc(C(=O)OCCN2CCN(CCCN3c4ccccc4Sc4ccc(Cl)cc43)CC2)cc(OC)c1OC,0,0,1,0,0,3.105,0,0,0,,3.422,0.5269
metopimazine,CS(=O)(=O)c1ccc2c(c1)N(CCCN1CCC(C(N)=O)CC1)c1ccccc1S2,1,1,1,1,0,2.509,1,0,0,,2.673,0.7433
metopon,CN1CC[C@]23c4c5ccc(O)c4O[C@@]2(C)C(=O)CC[C@H]3[C@H]1C5,1,1,1,1,0,4.057,1,0,0,,2.557,0.7533
metoserpate,COC(=O)C1C2CC3c4[nH]c5cc(OC)ccc5c4CCN3CC2CC(OC)C1OC,1,1,1,1,1,4.12,1,0,0,,2.677,0.3778
metoxepin,COc1ccc2c(c1)C(N1CCN(C)CC1)=Cc1ccccc1O2,1,1,1,1,0,2.52,1,0,0,,2.46,0.7826
metralindole,COc1ccc2c(c1)c1c3n2CCN(C)C3=NCC1,1,0,1,1,1,2.3,1,0,0,,2.512,0.3809
mevastatin,CC[C@H](C)C(=O)O[C@H]1CCC=C2C=C[C@H](C)[C@H](CC[C@@H]3C[C@@H](O)CC(=O)O3)[C@H]21,1,1,1,1,0,3.473,1,0,0,,1.844,0.6537
mexazolam,CC1COC2(c3ccccc3Cl)c3cc(Cl)ccc3NC(=O)CN12,1,1,1,1,0,3.047,1,0,0,,3.728,0.7695
mezilamine,CNc1nc(Cl)c(SC)c(N2CCN(C)CC2)n1,1,0,1,1,0,1.296,1,0,0,,2.758,0.7316
midaflur,NC1=NC(C(F)(F)F)(C(F)(F)F)NC1(C(F)(F)F)C(F)(F)F,1,1,1,1,0,1.0,1,0,0,,8.66,0.745
milacemide,CCCCCNCC(N)=O,1,0,1,0,0,1.0,0,0,0,,1.214,0.6862
milameline,CO/N=C/C1=CCCN(C)C1,1,0,1,0,0,1.0,0,0,0,,1.618,0.6735
minaprine,Cc1cc(-c2ccccc2)nnc1NCCN1CCOCC1,1,1,1,1,0,1.996,1,0,0,,2.252,0.7977
minaxolone,CCO[C@H]1C[C@@]2(C)[C@@H](CC[C@@H]3[C@@H]2[C@H](N(C)C)C[C@]2(C)[C@@H](C(C)=O)CC[C@@H]32)C[C@@H]1O,1,1,1,1,0,4.328,1,0,0,,1.846,0.6615
mirisetron,CN1[C@@H]2CC[C@H]1CC(NC(=O)c1cn(C3CCCCC3)c3ccccc3c1=O)C2,1,1,1,1,0,3.38,1,0,0,cyp_pyridine_heme,2.551,0.7192
modafinil,NC(=O)CS(=O)C(c1ccccc1)c1ccccc1,1,0,1,1,0,2.17,1,0,0,,2.125,0.682
mometasone(mometasone-furoate),C[C@@H]1C[C@H]2[C@@H]3CCC4=CC(=O)C=C[C@]4(C)[C@@]3(Cl)[C@@H](O)C[C@]2(C)[C@@]1(O)C(=O)CCl,1,1,1,1,0,4.087,1,0,1,acrylamide_warhead; haloacetamide_warhead,3.261,0.7036
monometacrine,CNCCCN1c2ccccc2C(C)(C)c2ccccc21,1,1,1,1,0,2.028,1,0,0,,1.891,0.7884
morsuximide,CC1(c2ccccc2)CC(=O)N(CN2CCOCC2)C1=O,1,1,1,1,0,2.12,0,0,0,,2.214,0.7607
mosapramine,O=C1NC2CCCCN2C12CCN(CCCN1c3ccccc3CCc3ccc(Cl)cc31)CC2,1,0,1,1,0,3.987,1,0,0,,3.401,0.7553
motrazepam,COCN1C(=O)CN=C(c2ccccc2)c2cc([N+](=O)[O-])ccc21,1,1,1,1,0,2.318,1,0,0,,2.634,0.6556
moxadolen,CNC(=O)O[C@H]1OC(=O)[C@@]2(C)[C@@H]1[C@H]1C=C[C@@H]2C1,1,0,1,1,0,2.84,1,0,0,,2.249,0.6444
moxiraprine,CC1=CC(=C2C=CC(=O)C=C2)NN=C1NCCN1CCOCC1,1,1,1,1,0,2.016,0,0,1,acrylamide_warhead,2.353,0.7727
myrophine,CCCCCCCCCCCCCC(=O)O[C@H]1C=C[C@H]2[C@H]3Cc4ccc(OCc5ccccc5)c5c4[C@@]2(CCN3C)[C@H]1O5,0,0,0,0,0,5.084,0,0,0,,2.665,0.4702
nabazenil,CCCCCC(C)C(C)c1cc(OC(=O)CCCN2CCCCCC2)c2c(c1)OC(C)(C)C1=C2CC(C)CC1,0,0,0,0,0,3.039,0,0,0,,1.913,0.4812
nabilone,CCCCCCC(C)(C)c1cc(O)c2c(c1)OC(C)(C)[C@@H]1CCC(=O)C[C@@H]21,1,0,0,0,0,2.24,0,0,0,,1.667,0.6183
nafimidone,O=C(Cn1ccnc1)c1ccc2ccccc2c1,1,0,1,1,0,2.33,1,0,0,,2.347,0.6915
naflocort,C[C@]12C=CC(=O)C=C1CC[C@H]1[C@@H]3C[C@H]4Cc5ccccc5C[C@@]4(C(=O)CO)[C@@]3(C)C[C@H](O)[C@@]12F,1,1,1,1,0,5.077,1,0,1,acrylamide_warhead,3.272,0.7291
nalbuphine,Oc1ccc2c3c1OC1C(O)CCC4(O)C(C2)N(CC2CCC2)CCC314,1,1,1,1,0,4.613,1,0,0,,2.805,0.7696
nalmefene,C=C1CC[C@@]2(O)[C@H]3Cc4ccc(O)c5c4[C@@]2(CCN3CC2CC2)[C@H]1O5,1,1,1,1,0,4.457,1,0,0,,2.785,0.7837
nalmexone,CC(C)=CCN1CC[C@]23c4c5ccc(O)c4O[C@H]2C(=O)CC[C@@]3(O)[C@H]1C5,1,1,1,1,0,4.184,1,0,0,,2.62,0.7751
napactadine,CN=C(Cc1ccc2ccccc2c1)[NH2+]C,1,0,1,1,0,1.763,1,0,0,,1.804,0.6992
napamezole,C1=C(CC2=NCNC2)CCc2ccccc21,1,0,1,1,0,1.941,1,0,0,,1.989,0.7782
naprodoxime,CC(Oc1cccc2ccccc12)/C(N)=N/O,1,0,1,1,0,2.105,1,0,0,,2.183,0.6032
nefazodone,CCc1nn(CCCN2CCN(c3cccc(Cl)c3)CC2)c(=O)n1CCOc1ccccc1,1,0,1,1,0,2.532,1,0,0,,3.075,0.688
nefiracetam,Cc1cccc(C)c1NC(=O)CN1CCCC1=O,1,0,1,1,0,1.546,1,0,0,,1.924,0.7308
neflumozide,O=c1[nH]c2ccccc2n1C1CCN(CCCc2noc3cc(F)ccc23)CC1,1,1,1,1,0,2.894,1,0,0,cyp_imidazole_heme,3.433,0.721
nialamide,O=C(CCNNC(=O)c1ccncc1)NCc1ccccc1,1,1,1,1,0,1.915,1,0,0,cyp_pyridine_heme,2.268,0.6514
niaprazine,CC(CCN1CCN(c2ccc(F)cc2)CC1)NC(=O)c1cccnc1,1,1,1,1,0,2.34,1,0,0,cyp_pyridine_heme,2.772,0.7901
nicocortonide,C/C=C\C1O[C@]2(C(=O)COC(=O)c3ccncc3)CC[C@@]3(O1)[C@@H]1CCC4=CC(=O)CC[C@]4(C)[C@H]1[C@@H](O)C[C@]23C,1,0,1,1,0,5.145,0,0,1,acrylamide_warhead; cyp_pyridine_heme,2.925,0.592
nicomorphine,CN1CC[C@]23c4c5ccc(OC(=O)c6cccnc6)c4O[C@H]2[C@@H](OC(=O)c2cccnc2)C=C[C@H]3[C@H]1C5,1,0,1,1,0,5.668,1,0,0,cyp_pyridine_heme,3.5,0.6214
nicopholine,O=C(c1cccnc1)N1CCOCC1,1,0,1,0,0,1.5,0,0,0,cyp_pyridine_heme,2.137,0.7369
nicotinamide,NC(=O)c1cccnc1,1,0,1,0,0,1.53,0,0,0,cyp_pyridine_heme,2.3,0.6388
nikethamide,CCN(CC)C(=O)c1cccnc1,1,0,1,0,0,1.13,1,0,0,cyp_pyridine_heme,1.672,0.719
nimetazepam,CN1C(=O)CN=C(c2ccccc2)c2cc([N+](=O)[O-])ccc21,1,1,1,1,0,2.34,1,0,0,,2.618,0.6524
nisobamate,CCC(C)C(C)(COC(N)=O)COC(=O)NC(C)C,1,0,1,1,0,1.0,1,0,0,,1.27,0.6891
nisoxetine,CNCCC(Oc1ccccc1OC)c1ccccc1,1,1,1,1,0,1.997,1,0,0,,1.815,0.748
nitrafudam,N=C(N)c1ccc(-c2ccccc2[N+](=O)[O-])o1,1,0,1,1,0,2.04,1,0,0,cyp_terminal_furan,2.659,0.5773
nivazol(nivacortol),C#C[C@]1(O)CC[C@H]2C3CCC4=Cc5c(cnn5-c5ccc(F)cc5)CC4(C)[C@H]3CCC21C,1,1,1,0,0,4.597,0,0,0,,3.246,0.6955
nomelidine,CNC/C=C(/c1ccc(Br)cc1)c1cccnc1,1,0,1,1,0,1.9,1,0,0,cyp_pyridine_heme,2.493,0.7558
nomifensine,CN1Cc2c(N)cccc2C(c2ccccc2)C1,1,0,1,1,0,2.36,1,0,0,cyp_aniline,2.033,0.7803
nonapyrimine,CCCCCCCCCNc1ncnc2[nH]ccc12,1,0,1,1,0,1.36,1,0,0,,1.752,0.7293
norflurane,FCC(F)(F)F,1,0,1,0,0,1.0,1,0,0,,4.2,0.6875
norlevorphanol,Oc1ccc2c(c1)C13CCCCC1C(C2)NCC3,1,0,1,1,0,2.76,1,0,0,,2.033,0.7565
normorphine,Oc1ccc2c3c1OC1C(O)C=CC4C(C2)NCCC341,1,1,1,1,0,4.4,0,0,0,,2.7,0.7401
nortetrazepam,O=C1CN=C(C2=CCCCC2)c2cc(Cl)ccc2N1,1,0,1,1,0,2.03,1,0,0,,2.765,0.7847
noscapine,COc1ccc2c(c1OC)C(=O)O[C@@H]2[C@H]1c2c(cc3c(c2OC)OCO3)CCN1C,1,1,1,1,0,3.359,1,0,0,cyp_methylenedioxyphenyl,2.973,0.732
noxiptiline,CN(C)CCON=C1c2ccccc2CCc2ccccc21,1,1,1,1,0,2.111,1,0,0,,2.056,0.7374
nuclotixene,Clc1ccc2c(c1)/C(=C/C1CN3CCC1CC3)c1ccccc1S2,1,1,1,0,1,3.43,0,0,0,,3.408,0.3517
ocaperidone,Cc1nc2c(C)cccn2c(=O)c1CCN1CCC(c2noc3cc(F)ccc23)CC1,1,1,1,1,0,2.92,1,0,0,cyp_pyridine_heme,3.377,0.6948
ocinaplon,O=C(c1ccccn1)c1cnn2c(-c3ccncc3)ccnc12,1,1,1,1,0,2.86,1,0,0,cyp_pyridine_heme,2.983,0.6681
octamoxin,CCCCCCC(C)NN,1,0,1,0,0,1.0,1,0,0,,1.0,0.6531
octriptyline,CNCCC=C1c2ccccc2C2CC2c2ccccc21,1,1,1,1,1,2.96,1,0,0,,2.103,0.3929
omiloxetine,O=C(CN1CC[C@H](c2ccc(F)cc2)[C@@H](COc2ccc3c(c2)OCO3)C1)c1ccc(F)cc1,1,1,1,0,0,3.574,1,0,0,cyp_methylenedioxyphenyl,3.881,0.6662
oxaflozane,CC(C)N1CCOC(c2ccc(C(F)(F)F)cc2)C1,1,0,1,1,0,1.644,1,0,0,,3.432,0.7876
oxcarbazepine,NC(=O)N1c2ccccc2CC(=O)c2ccccc21,1,0,1,1,0,2.35,1,0,0,,2.478,0.7273
oxifentorex,CC(Cc1ccccc1)[N+](C)([O-])Cc1ccccc1,1,0,1,1,0,2.227,1,0,0,,1.68,0.695
oxiracetam,NC(=O)CN1CC(O)CC1=O,1,0,1,0,0,1.02,0,0,0,,2.13,0.6159
oxisopred,COC(=O)[C@@]1(O)CC[C@H]2C3CCC(=O)C4C(=O)C=CC4(C)[C@H]3C(O)CC21C,1,1,1,1,0,4.026,1,0,1,acrylamide_warhead,2.257,0.6247
oxitriptan,NC(Cc1c[nH]c2ccc(O)cc12)C(=O)O,1,0,1,1,0,2.052,0,0,0,,2.392,0.6273
oxitriptyline,CN(C)C(=O)COC1c2ccccc2CCc2ccccc21,1,1,1,1,0,2.111,1,0,0,,2.056,0.7345
pagoclone,CC(C)CCC(=O)CC1c2ccccc2C(=O)N1c1ccc2ccc(Cl)nc2n1,1,1,1,0,0,2.865,1,0,0,cyp_pyridine_heme,3.077,0.6639
panadiplon,CC(C)n1c(=O)c2c(-c3noc(C4CC4)n3)ncn2c2ccccc21,1,1,1,1,0,2.85,1,0,0,,3.073,0.6827
panamesine,COc1ccc(N2C[C@H](CN3CCC(O)(c4ccc5c(c4)OCO5)CC3)OC2=O)cc1,1,1,1,1,0,3.098,1,0,0,cyp_methylenedioxyphenyl,2.926,0.69
pancopride,Nc1cc(OCC2CC2)c(C(=O)NC2CN3CCC2CC3)cc1Cl,1,1,1,1,0,2.747,1,0,0,cyp_aniline,3.261,0.7517
panuramine,O=C(NC(=O)c1ccccc1)NC1CCN(Cc2ccc3ccccc3c2)CC1,1,1,1,1,0,2.68,1,0,0,,2.517,0.7217
paraldehyde,CC1OC(C)OC(C)O1,1,0,1,0,0,1.0,1,0,0,,1.5,0.6993
paramethasone-acetate,CC(=O)OCC(=O)[C@@]1(O)[C@H](C)C[C@H]2[C@@H]3C[C@H](F)C4=CC(=O)C=C[C@]4(C)[C@H]3[C@@H](O)C[C@@]21C,1,1,1,1,0,4.42,1,0,1,acrylamide_warhead,2.811,0.7281
pargyline,C#CCN(C)Cc1ccccc1,1,0,1,0,0,1.263,1,0,0,,1.332,0.7022
paroxetine,Fc1ccc([C@@H]2CCNC[C@H]2COc2ccc3c(c2)OCO3)cc1,1,1,1,1,0,2.938,1,0,0,cyp_methylenedioxyphenyl,3.03,0.8062
pazinaclone,O=C(CC1c2ccccc2C(=O)N1c1ccc2ccc(Cl)nc2n1)N1CCC2(CC1)OCCO2,1,1,1,1,0,4.198,1,0,0,cyp_pyridine_heme,3.806,0.7058
penfluridol,OC1(c2ccc(Cl)c(C(F)(F)F)c2)CCN(CCCC(c2ccc(F)cc2)c2ccc(F)cc2)CC1,1,0,0,0,0,2.691,0,0,0,,5.581,0.5703
pentabamate,CC(OC(N)=O)C(C)C(C)OC(N)=O,1,0,1,1,0,1.0,0,0,0,,1.686,0.6872
pentamorphone,CCCCCN[C@@]12C=CC(=O)[C@@H]3Oc4c(O)ccc5c4[C@@]31CCN(C)[C@@H]2C5,1,1,1,1,0,4.181,1,0,1,acrylamide_warhead,2.583,0.7731
penthrichloral,OCC1(CO)COC(C(Cl)(Cl)Cl)OC1,1,0,1,1,0,1.0,0,0,1,haloacetamide_warhead,3.5,0.6515
pentiapine,CN1CCN(C2=Nc3ccccc3Sc3nccn32)CC1,1,1,1,1,0,2.42,1,0,0,,2.79,0.7656
perafensine,c1ccc(-c2nc(N3CCNCC3)cc3ccccc23)cc1,1,1,1,1,0,2.587,1,0,0,cyp_pyridine_heme,2.441,0.7846
perospirone,O=C1[C@H]2CCCC[C@H]2C(=O)N1CCCCN1CCN(c2nsc3ccccc23)CC1,1,1,1,1,0,3.12,1,0,0,,2.713,0.696
petrichloral,OC(OCC(COC(O)C(Cl)(Cl)Cl)(COC(O)C(Cl)(Cl)Cl)COC(O)C(Cl)(Cl)Cl)C(Cl)(Cl)Cl,0,0,1,0,0,1.46,0,0,1,haloacetamide_warhead,8.018,0.4875
phenacemide,NC(=O)NC(=O)Cc1ccccc1,1,0,1,0,0,1.477,0,0,0,,2.134,0.6781
phenazocine,CC1C2Cc3ccc(O)cc3C1(C)CCN2CCc1ccccc1,1,1,1,1,0,3.085,1,0,0,,2.086,0.7769
pheneturide,CCC(C(=O)NC(N)=O)c1ccccc1,1,0,1,1,0,1.573,1,0,0,,1.882,0.7096
phenmetrazine,CC1NCCOC1c1ccccc1,1,0,1,0,0,1.915,1,0,0,,1.698,0.7666
phenoxypropazine(fenoxypropazine),CC(COc1ccccc1)NN,1,0,1,0,0,1.44,0,0,0,,1.783,0.6736
phensuximide,CN1C(=O)CC(c2ccccc2)C1=O,1,0,1,0,0,1.903,1,0,0,,2.025,0.7124
phenyl-salicylate,O=C([O-])c1ccccc1Oc1ccccc1,1,0,1,1,0,2.02,1,0,0,,2.163,0.6291
phetharbital,CCC1(CC)C(=O)NC(=O)N(c2ccccc2)C1=O,1,0,1,1,0,1.651,1,0,0,,2.104,0.7708
piberaline,O=C(c1ccccn1)N1CCN(Cc2ccccc2)CC1,1,1,1,1,0,2.117,1,0,0,cyp_pyridine_heme,2.236,0.7761
picenadol,CCC[C@]1(c2cccc(O)c2)CCN(C)C[C@@H]1C,1,0,1,1,0,1.81,1,0,0,,1.433,0.7689
pidolacetamol,CC(=O)Nc1ccc(OC(=O)[C@@H]2CCC(=O)N2)cc1,1,0,1,1,0,1.961,0,0,0,,2.301,0.5824
pipequaline,c1ccc(-c2cc(CCC3CCNCC3)c3ccccc3n2)cc1,1,1,1,1,0,2.498,1,0,0,cyp_pyridine_heme,2.195,0.7761
piperacetazine,CC(=O)c1ccc2c(c1)N(CCCN1CCC(CCO)CC1)c1ccccc1S2,1,1,1,1,0,2.43,1,0,0,,2.351,0.7237
piperilate(pipethanate),O=C(OCCN1CCCCC1)C(O)(c1ccccc1)c1ccccc1,1,1,1,1,0,2.093,1,0,0,,2.075,0.7171
pipofezine,CN1CCN(c2cc3c(nn2)Oc2ccccc2N3C)CC1,1,1,1,1,0,2.39,1,0,0,,2.718,0.7756
pipotiazine-palmitate,CCCCCCCCCCCCCCCC(=O)OCCC1CCN(CCCN2c3ccccc3Sc3ccc(S(=O)(=O)N(C)C)cc32)CC1,0,0,0,0,0,2.57,0,0,0,,2.211,0.4236
piquindone,CCc1c(C)[nH]c2c1C(=O)[C@@H]1CN(C)CC[C@H]1C2,1,0,1,1,0,2.11,1,0,0,,1.867,0.7737
piracetam,NC(=O)CN1CCCC1=O,1,0,1,0,0,1.0,0,0,0,,1.967,0.6689
pirandamine,CN(C)CCC1(C)OCCC2=C1c1ccccc1C2,1,0,1,1,0,2.045,1,0,0,,1.792,0.7878
piriqualone,Cc1ccccc1-n1c(/C=C/c2ccccn2)nc2ccccc2c1=O,1,1,1,1,0,2.865,1,0,0,cyp_pyridine_heme,2.625,0.6581
piritramide,N#CC(CCN1CCC(C(N)=O)(N2CCCCC2)CC1)(c1ccccc1)c1ccccc1,1,1,1,1,0,2.462,1,0,0,,2.284,0.7403
pirlindole,Cc1ccc2c(c1)c1c3n2CCNC3CCC1,1,0,1,1,1,2.43,1,0,0,,2.18,0.3834
pivagabine,CC(C)(C)C(=O)NCCCC(=O)O,1,0,1,0,0,1.0,1,0,0,,1.301,0.6658
pivoxazepam,CC(C)(C)C(=O)OC1N=C(c2ccccc2)c2cc(Cl)ccc2NC1=O,1,1,1,1,0,2.52,1,0,0,,2.892,0.7302
pramiracetam,CC(C)N(CCNC(=O)CN1CCCC1=O)C(C)C,1,0,1,1,0,1.0,0,0,0,,1.404,0.7268
prazitone,O=C1NC(=O)C(CC2CCCCN2)(c2ccccc2)C(=O)N1,1,1,1,1,0,2.215,0,0,0,,2.368,0.7073
prednicarbate,CCOC(=O)O[C@]1(C(=O)COC(=O)CC)CC[C@H]2[C@@H]3CCC4=CC(=O)C=C[C@]4(C)[C@H]3[C@@H](O)C[C@@]21C,1,0,1,1,0,4.006,1,0,1,acrylamide_warhead,2.323,0.6473
prednisolamate,CCN(CC)CC(=O)OCC(=O)C1(O)CCC2C3CCC4=CC(=O)C=CC4(C)C3C(O)CC21C,1,1,1,1,0,3.941,1,0,1,acrylamide_warhead,2.225,0.6748
prednisolone-steaglate,CCCCCCCCCCCCCCCCCC(=O)OCC(=O)OCC(=O)[C@@]1(O)CC[C@H]2[C@@H]3CCC4=CC(=O)C=C[C@]4(C)[C@H]3[C@@H](O)C[C@@]21C,0,0,0,0,0,4.164,0,0,1,acrylamide_warhead,2.046,0.4301
prednisolone-tebutate,CC(C)(C)CC(=O)OCC(=O)[C@@]1(O)CC[C@H]2[C@@H]3CCC4=CC(=O)C=C[C@]4(C)[C@H]3[C@@H](O)C[C@@]21C,1,1,1,1,0,3.921,1,0,1,acrylamide_warhead,2.153,0.6975
prednylidene,C=C1CC2C3CCC4=CC(=O)C=CC4(C)C3C(O)CC2(C)C1(O)C(=O)CO,1,1,1,1,0,3.926,1,0,1,acrylamide_warhead,2.246,0.7049
pregabalin,CC(C)C[C@H](CN)CC(=O)O,1,0,1,0,0,1.0,1,0,0,,1.118,0.6204
pregnenolone-succinate,CC(=O)C1CCC2C3CC=C4CC(OC(=O)CCC(=O)O)CCC4(C)C3CCC12C,1,1,1,1,0,3.79,1,0,0,,2.06,0.6199
pridefine,CCN1CCC(=C(c2ccccc2)c2ccccc2)C1,1,1,1,1,0,2.134,1,0,0,,1.839,0.7722
procarbazine,CNNCc1ccc(C(=O)NC(C)C)cc1,1,0,1,1,0,1.17,1,0,0,,1.717,0.6822
procymate,CCC(OC(N)=O)C1CCCCC1,1,0,1,0,0,1.0,1,0,0,,1.272,0.7218
proflazepam,O=C1CN=C(c2ccccc2F)c2cc(Cl)ccc2N1CC(O)CO,1,1,1,1,0,2.533,1,0,0,,3.562,0.7407
progabide,NC(=O)CCCN/C(=C1\C=C(F)C=CC1=O)c1ccc(Cl)cc1,1,1,1,1,0,1.948,1,0,1,acrylamide_warhead,3.241,0.7138
prolintane,CCCC(Cc1ccccc1)N1CCCC1,1,0,1,1,0,1.55,1,0,0,,1.308,0.7535
promoxolane,CC(C)C1(C(C)C)OCC(CO)O1,1,0,1,0,0,1.0,1,0,0,,1.192,0.7307
propacetamol,CCN(CC)CC(=O)Oc1ccc(NC(C)=O)cc1,1,0,1,1,0,1.216,1,0,0,,1.747,0.6624
propanidid,[CH2-][CH-]C,1,0,1,0,0,1.0,1,0,0,,1.0,0.6599
propizepine,CC(CN1C(=O)c2cccnc2Nc2ccccc21)N(C)C,1,1,1,1,0,2.387,1,0,0,cyp_pyridine_heme; cyp_aniline,2.347,0.7753
propyperone,CCC(=O)C1(N2CCCCC2)CCN(CCCC(=O)c2ccc(F)cc2)CC1,1,1,1,1,0,1.827,1,0,0,,2.414,0.7352
prothixene,CN(C)CCC=C1c2ccccc2Sc2ccccc21,1,1,1,1,1,2.183,1,0,0,,2.022,0.3796
proxibarbal,C=CCC1(CC(C)O)C(=O)NC(=O)NC1=O,1,0,1,1,0,1.32,0,0,0,,2.025,0.6171
proxorphan,Oc1ccc2c(c1)C13CCN(CC4CC4)C(C2)C1CCOC3,1,1,1,1,0,3.119,1,0,0,,2.362,0.7705
proxyphylline,CC(O)Cn1cnc2c1c(=O)n(C)c(=O)n2C,1,0,1,1,0,1.69,0,0,0,,2.435,0.6605
psilocybine,CN(C)CCc1c[nH]c2cccc(OP(=O)(O)O)c12,1,0,1,1,0,1.68,1,0,0,,2.439,0.6237
pyridarone,c1ccc2oc(-c3ccncc3)cc2c1,1,0,1,0,0,2.35,1,0,0,cyp_pyridine_heme; cyp_terminal_furan,2.3,0.7269
pyritinol,Cc1ncc(CSSCc2cnc(C)c(O)c2CO)c(CO)c1O,1,1,1,1,0,1.73,0,0,0,cyp_pyridine_heme,2.3,0.5712
quetiapine,OCCOCCN1CCN(C2=Nc3ccccc3Sc3ccccc32)CC1,1,1,1,1,0,2.483,1,0,0,,2.562,0.7668
quilostigmine,CN1CC[C@@]2(C)c3cc(OC(=O)N4CCc5ccccc5C4)ccc3N(C)[C@@H]12,1,1,1,1,0,3.288,1,0,0,,2.688,0.7006
quinagolide,CCCN1CC(NS(=O)(=O)N(CC)CC)CC2Cc3c(O)cccc3CC21,1,1,1,1,0,2.5,1,0,0,,2.118,0.7132
ramciclane,CN(C)CCOC1(Cc2ccccc2)CC2CCC1(C)C2(C)C,1,1,1,1,0,2.403,1,0,0,,1.589,0.751
rasagiline,C#CCN[C@@H]1CCc2ccccc21,1,0,1,0,0,1.81,1,0,0,,1.564,0.7382
reclazepam,O=C1COC(N2CCN=C(c3ccccc3Cl)c3cc(Cl)ccc32)=N1,1,1,1,1,0,2.7,1,0,0,,3.907,0.7487
remacemide,CC(Cc1ccccc1)(NC(=O)CN)c1ccccc1,1,1,1,1,0,2.068,1,0,0,,1.862,0.7348
remifentanil,CCC(=O)N(c1ccccc1)C1(C(=O)OC)CCN(CCC(=O)OC)CC1,1,1,1,1,0,1.58,1,0,0,,1.938,0.6907
resocortol,CCC(=O)C1(O)CCC2C3CCC4=CC(=O)CCC4(C)C3C(O)CC21C,1,1,1,1,0,3.688,1,0,1,acrylamide_warhead,2.007,0.7429
retigabine,CCOC(=O)Nc1ccc(NCc2ccc(F)cc2)cc1N,1,1,1,1,0,1.915,1,0,0,cyp_aniline,2.768,0.724
ricasetron,CN1[C@@H]2CC[C@H]1CC(NC(=O)N1CC(C)(C)c3ccccc31)C2,1,1,1,1,0,2.852,1,0,0,,2.216,0.7809
rilmazafone,CN(C)C(=O)c1nc(CNC(=O)CN)n(-c2ccc(Cl)cc2C(=O)c2ccccc2Cl)n1,1,1,1,1,0,2.461,0,0,0,,3.779,0.6326
rimcazole,CC1CN(CCCn2c3ccccc3c3ccccc32)CC(C)N1,1,1,1,1,0,2.866,1,0,0,,2.232,0.7824
rimexolone,CCC(=O)[C@@]1(C)[C@H](C)C[C@H]2[C@@H]3CCC4=CC(=O)C=C[C@]4(C)[C@H]3[C@@H](O)C[C@@]21C,1,1,1,1,0,4.04,1,0,1,acrylamide_warhead,1.933,0.7397
ripazepam,CCn1nc(C)c2c1C(c1ccccc1)=NCC(=O)N2,1,1,1,1,0,2.13,1,0,0,,2.437,0.7162
rivastigmine,CCN(C)C(=O)Oc1cccc([C@H](C)N(C)C)c1,1,0,1,1,0,1.36,1,0,0,,1.567,0.6866
robalzotan,NC(=O)c1ccc(F)c2c1C[C@@H](N(C1CCC1)C1CCC1)CO2,1,1,1,1,0,2.377,1,0,0,,2.863,0.7593
rociclovir,CC(C)OCC(COC(C)C)OCn1cnc2cnc(N)nc21,1,1,1,1,0,1.36,1,0,0,,2.11,0.7262
rofelodine,O=C1CCN=C2CC(c3ccccc3)CN12,1,0,1,1,0,2.158,1,0,0,,2.155,0.7535
rofleponide,CCC[C@@H]1O[C@@H]2C[C@H]3[C@@H]4C[C@H](F)C5=CC(=O)CC[C@]5(C)[C@@]4(F)[C@@H](O)C[C@]3(C)[C@]2(C(=O)CO)O1,1,1,1,1,0,4.902,1,0,1,acrylamide_warhead,3.555,0.7406
rolicyprine,O=C1CCC(C(=O)NC2CC2c2ccccc2)N1,1,0,1,1,0,2.646,0,0,0,,2.224,0.7204
rolipram,COc1ccc(C2CNC(=O)C2)cc1OC1CCCC1,1,1,1,1,0,2.025,1,0,0,,2.05,0.7408
romergoline,CN1C[C@H](CN2CC(=O)NC(=O)C2)C=C2c3cccc4[nH]cc(c34)C[C@H]21,1,1,1,1,0,3.29,0,0,0,,2.872,0.7758
romifidine,Fc1cccc(Br)c1NC1=NCCN1,1,0,1,1,0,1.713,1,0,0,cyp_aniline,3.494,0.7474
roxoperone,CN1C(=O)CC2(CCN(CCCC(=O)c3ccc(F)cc3)CC2)C1=O,1,1,1,1,0,2.518,1,0,0,,2.699,0.71
sabcomeline,CON=C(C#N)C1CN2CCC1CC2,1,0,1,0,0,1.62,0,0,0,,2.117,0.6887
salicin,OCc1ccccc1O[C@@H]1O[C@H](CO)[C@@H](O)[C@H](O)[C@H]1O,1,0,1,1,0,2.704,0,0,0,,2.219,0.5158
salicylamide,NC(=O)c1ccccc1O,1,0,1,0,0,1.55,0,0,0,,2.2,0.5998
salsalate(salsalic-acid),O=C(Oc1ccccc1C(=O)O)c1ccccc1O,1,0,1,1,0,2.08,1,0,0,,2.389,0.5896
sameridine,CCCCCCN1CCC(C(=O)N(C)CC)(c2ccccc2)CC1,1,1,1,1,0,1.38,1,0,0,,1.442,0.7372
saripidem,CCCC(=O)N(C)Cc1c(-c2ccc(Cl)cc2)nc2ccccn12,1,1,1,1,0,2.214,1,0,0,cyp_pyridine_heme,2.814,0.7184
savoxepin,N#Cc1ccc2c(c1)C1=C(CCN(CC3CCCC3)CC1)c1ccccc1O2,1,0,1,0,0,2.83,0,0,0,,2.501,0.6927
selegiline,C#CCN(C)[C@H](C)Cc1ccccc1,1,0,1,0,0,1.418,1,0,0,,1.207,0.716
semorphone,COCCN1CC[C@]23c4c5ccc(O)c4O[C@H]2C(=O)CC[C@@]3(O)[C@H]1C5,1,1,1,1,0,4.092,0,0,0,,2.715,0.7766
sertindole,O=C1NCCN1CCN1CCC(c2cn(-c3ccc(F)cc3)c3ccc(Cl)cc23)CC1,1,1,1,1,0,2.92,1,0,0,,3.877,0.7366
setiptiline,CN1CCC2=C(C1)c1ccccc1Cc1ccccc12,1,1,1,1,0,2.484,1,0,0,,2.139,0.7683
sibopirdine,c1cncc(CC2(Cc3ccncc3)c3cccnc3-c3ncccc32)c1,1,1,1,1,0,3.133,1,0,0,cyp_pyridine_heme,2.84,0.7061
sibutramine,CC(C)CC(N(C)C)C1(c2ccc(Cl)cc2)CCC1,1,0,1,1,0,1.554,1,0,0,,1.898,0.7651
sifaprazine,CN1CCN(c2ccccc2Cc2ccccc2)CC1,1,1,1,1,0,2.05,1,0,0,,1.933,0.7915
simvastatin,CCC(C)(C)C(=O)O[C@H]1C[C@@H](C)C=C2C=C[C@H](C)[C@H](CC[C@@H]3C[C@@H](O)CC(=O)O3)[C@H]21,1,1,1,1,0,3.488,1,0,0,,1.792,0.6575
soretolide,Cc1cc(NC(=O)c2c(C)cccc2C)no1,1,0,1,1,0,1.763,1,0,0,,2.121,0.7291
spiperone,O=C(CCCN1CCC2(CC1)C(=O)NCN2c1ccccc1)c1ccc(F)cc1,1,1,1,1,0,3.11,1,0,0,,3.008,0.7678
spiradoline,CN(C(=O)Cc1ccc(Cl)c(Cl)c1)[C@H]1CC[C@@]2(CCCO2)C[C@@H]1N1CCCC1,1,1,1,1,0,3.492,1,0,0,,3.297,0.7417
spiramide,O=C1NCN(c2ccccc2)C12CCN(CCCOc1ccc(F)cc1)CC2,1,1,1,1,0,3.069,1,0,0,,3.016,0.7724
spirilene,C/C(=C/CCN1CCC2(CC1)C(=O)NCN2c1ccccc1)c1ccc(F)cc1,1,1,1,1,0,3.13,1,0,0,,2.917,0.7748
spiroxepin,CN(C)CC1COC2(O1)c1ccccc1COc1ccccc12,1,1,1,1,0,3.518,1,0,0,,2.427,0.778
stacofylline,CCN(CC)C(=O)N1CCN(CCCc2nc3c(c(=O)n(C)c(=O)n3C)n2C)CC1,1,1,1,1,0,1.81,0,0,0,,2.34,0.7185
stiripentol,CC(C)(C)C(O)/C=C/c1ccc2c(c1)OCO2,1,0,1,1,0,1.776,1,0,0,cyp_methylenedioxyphenyl,1.787,0.7481
suclofenide,NS(=O)(=O)c1ccc(N2C(=O)CC(c3ccccc3)C2=O)c(Cl)c1,1,1,1,1,0,2.63,1,0,0,,3.3,0.6985
sulfonmethane,CCS(=O)(=O)C(C)(C)S(=O)(=O)CC,1,0,1,1,0,1.0,0,0,0,,1.585,0.6895
sulmepride,COc1ccc(S(N)(=O)=O)cc1C(=O)NCC1CCCN1C,1,1,1,1,0,1.79,0,0,0,,2.291,0.6347
sulthiame(sultiame),NS(=O)(=O)c1ccc(N2CCCCS2(=O)=O)cc1,1,0,1,1,0,1.58,0,0,0,,2.613,0.6127
sultopride,CCN1CCCC1CNC(=O)c1cc(S(=O)(=O)CC)ccc1OC,1,1,1,1,0,1.724,1,0,0,,2.004,0.6489
sumacetamol,CSCC[C@H](NC(C)=O)C(=O)Oc1ccc(NC(C)=O)cc1,1,1,1,1,0,1.56,1,0,0,,1.935,0.6592
sunepitron,O=C1CCC(=O)N1CC1CCC2CN(c3ncccn3)CCN2C1,1,1,1,1,0,2.604,0,0,0,,2.557,0.7569
suproclone,CCC(=O)N1CCN(C(=O)OC2C3=C(SCCS3)C(=O)N2c2ccc3ccc(Cl)nc3n2)CC1,1,0,1,1,0,3.189,0,0,1,acrylamide_warhead; cyp_pyridine_heme,3.732,0.669
suriclone,CN1CCN(C(=O)OC2C3=C(SCCS3)C(=O)N2c2ccc3ccc(Cl)nc3n2)CC1,1,1,1,1,0,3.14,1,0,1,acrylamide_warhead; cyp_pyridine_heme,3.745,0.7228
suritozole,Cn1nc(-c2cccc(F)c2)n(C)c1=S,1,0,1,1,0,1.76,1,0,0,,2.94,0.7234
taglutimide(biglumide),O=C1CCC(N2C(=O)C3C4CCC(C4)C3C2=O)C(=O)N1,1,1,1,1,0,3.193,0,0,0,,2.529,0.7193
talopram,CNCCCC1(c2ccccc2)OC(C)(C)c2ccccc21,1,1,1,1,0,2.26,1,0,0,,1.853,0.7824
talsupram,CNCCCC1(c2ccccc2)SC(C)(C)c2ccccc21,1,1,1,1,0,2.26,1,0,0,,1.853,0.7743
taltrimide,CC(C)NS(=O)(=O)CCN1C(=O)c2ccccc2C1=O,1,1,1,1,0,1.638,0,0,0,,2.342,0.7315
tameridone,Cn1c(=O)c2c(ncn2CCN2CCC(c3c[nH]c4ccccc34)CC2)n(C)c1=O,1,1,1,1,0,2.859,1,0,0,,2.973,0.7167
tametraline,CNC1CCC(c2ccccc2)c2ccccc21,1,0,1,1,0,2.557,1,0,0,,1.831,0.7832
tamolarizine,COc1ccc(C(O)CN2CCN(C(c3ccccc3)c3ccccc3)CC2)cc1OC,1,1,1,1,0,2.89,1,0,0,,2.402,0.6715
tampramine,CN(C)CCCN1c2ccccc2C(c2ccccc2)=Nc2cccnc21,1,1,1,1,0,2.679,1,0,0,cyp_pyridine_heme,2.471,0.7465
tandamine,CCn1c2c(c3ccccc31)CCSC2(C)CCN(C)C,1,1,1,1,0,2.053,1,0,0,,1.884,0.7846
tandospirone,O=C1[C@@H]2[C@H]3CC[C@H](C3)[C@@H]2C(=O)N1CCCCN1CCN(c2ncccn2)CC1,1,1,1,1,0,3.453,1,0,0,,2.679,0.6998
taniplon,COc1nc2nc(-c3noc(C)n3)cn2c2c1CCCC2,1,1,1,1,0,2.306,1,0,0,,2.857,0.731
tasosartan,Cc1nc(C)c2c(n1)N(Cc1ccc(-c3ccccc3-c3nn[nH]n3)cc1)C(=O)CC2,1,1,1,1,0,3.109,1,0,0,,3.1,0.6509
tazomeline,CCCCCCSc1nsnc1C1=CCCN(C)C1,1,0,1,1,0,1.223,1,0,0,,1.818,0.7257
tefludazine,OCCN1CCN([C@@H]2C[C@@H](c3ccc(F)cc3)c3ccc(C(F)(F)F)cc32)CC1,1,1,1,1,0,2.935,1,0,0,,4.561,0.7653
teflutixol,OCCN1CCN(CCCC2c3ccc(F)cc3Sc3ccc(C(F)(F)F)cc32)CC1,1,1,1,1,0,2.696,1,0,0,,4.592,0.7305
tenilsetam,O=C1NCCNC1c1cccs1,1,0,1,0,0,1.74,0,0,0,cyp_terminal_thiophene,2.3,0.7146
tepirindole,CCCN1CC=C(c2c[nH]c3ccc(Cl)cc23)CC1,1,0,1,1,0,1.98,1,0,0,,2.574,0.7974
terguride,CCN(CC)C(=O)N[C@H]1C[C@@H]2c3cccc4[nH]cc(c34)C[C@H]2N(C)C1,1,1,1,1,0,2.99,1,0,0,,2.36,0.7959
tetrabarbital,CCCC(CC)C1(CC)C(=O)NC(=O)NC1=O,1,0,1,1,0,1.04,1,0,0,,1.582,0.7348
tetrantoin,O=C1NC(=O)C2(CCc3ccccc3C2)N1,1,0,1,1,0,2.82,0,0,0,,2.383,0.7319
thalidomide,O=C1CCC(N2C(=O)c3ccccc3C2=O)C(=O)N1,1,0,1,1,0,2.403,0,0,0,,2.663,0.73
thebacon,COc1ccc2c3c1OC1C(OC(C)=O)=CCC4C(C2)N(C)CCC314,1,1,1,1,0,4.19,1,0,0,,2.66,0.7608
thialbarbital,C=CCC1(C2C=CCCC2)C(=O)NC(=S)NC1=O,1,0,1,1,0,1.756,1,0,0,,2.064,0.6712
thiamylal,C=CCC1(C(C)CCC)C(=O)NC(=S)NC1=O,1,0,1,1,0,1.24,1,0,0,,1.716,0.649
thiazesim(tiazesim),CN(C)CCN1C(=O)CC(c2ccccc2)Sc2ccccc21,1,1,1,1,0,2.381,1,0,0,,2.169,0.7728
thiopropazate,CC(=O)OCCN1CCN(CCCN2c3ccccc3Sc3ccc(Cl)cc32)CC1,1,1,1,1,0,2.478,1,0,0,,3.052,0.7224
thioproperazine,CN1CCN(CCCN2c3ccccc3Sc3ccc(S(=O)(=O)N(C)C)cc32)CC1,1,1,1,1,0,2.455,1,0,0,,2.636,0.7384
thozalinone(tozalinone),CN(C)C1=NC(=O)C(c2ccccc2)O1,1,0,1,1,0,1.923,1,0,0,,2.182,0.7231
tiagabine,Cc1ccsc1C(=CCCN1CCC[C@@H](C(=O)O)C1)c1sccc1C,1,1,1,0,0,2.26,1,0,0,cyp_terminal_thiophene,2.14,0.5956
tianeptine,CN1c2ccccc2C(NCCCCCCC(=O)O)c2ccc(Cl)cc2S1(=O)=O,1,1,1,1,0,2.423,1,0,0,,2.923,0.6068
tienocarbine,Cc1csc2ccc3[nH]c4c(c3c12)CN(C)CC4,1,0,1,1,0,2.36,1,0,0,cyp_terminal_thiophene,2.433,0.7392
tifemoxone,S=C1NCCC(COc2ccccc2)O1,1,0,1,1,0,1.814,1,0,0,,2.109,0.7304
tilidine,CCOC(=O)C1(c2ccccc2)CCC=CC1N(C)C,1,1,1,1,0,2.035,1,0,0,,1.674,0.6409
timelotem,CN1CCN2c3cc(F)ccc3C(c3cccs3)=NCC2C1,1,1,1,1,0,2.666,1,0,0,cyp_terminal_thiophene,3.099,0.7854
timiperone,O=C(CCCN1CCC(n2c(=S)[nH]c3ccccc32)CC1)c1ccc(F)cc1,1,1,1,0,0,2.524,1,0,0,cyp_imidazole_heme,3.052,0.6557
timirdine,N=C1SCCN1c1ccc(Cl)cc1N,1,0,1,1,0,1.713,1,0,0,cyp_aniline,2.994,0.7072
timobesone-acetate,CSC(=O)C1(OC(C)=O)[C@@H](C)C[C@H]2[C@@H]3CCC4=CC(=O)C=C[C@]4(C)C3(F)[C@@H](O)C[C@@]21C,1,1,1,1,0,4.17,1,0,1,acrylamide_warhead,2.811,0.7316
tinidazole,CCS(=O)(=O)CCn1c([N+](=O)[O-])cnc1C,1,0,1,1,0,1.0,0,0,0,,2.3,0.6282
tiomergine,CN1CC(CSc2ccccn2)C=C2c3cccc4[nH]cc(c34)CC21,1,1,1,1,0,3.407,1,0,0,cyp_pyridine_heme,2.751,0.7626
tioperidone,CCCSc1ccccc1N1CCN(CCCCn2c(=O)[nH]c3ccccc3c2=O)CC1,1,0,1,1,0,2.512,1,0,0,,2.504,0.6431
tiospirone,O=C1CC2(CCCC2)CC(=O)N1CCCCN1CCN(c2nsc3ccccc23)CC1,1,1,1,1,0,3.22,1,0,0,,2.677,0.6788
tipredane,CCS[C@]1(SC)CC[C@H]2[C@@H]3CCC4=CC(=O)C=C[C@]4(C)[C@@]3(F)[C@@H](O)C[C@@]21C,1,1,1,0,0,3.763,1,0,1,acrylamide_warhead,2.637,0.7084
tisocromide,COc1cc2c(cc1OC)S(=O)(=O)OC(C(=O)NC(C)CC(C)(C)N(C)C)C2,1,1,1,1,0,2.002,1,0,0,,2.059,0.5901
tixadil,CC(Cc1ccccc1)NCCC1c2ccccc2Sc2ccccc21,1,0,0,0,0,2.87,0,0,0,,2.231,0.7005
tixocortol,C[C@]12CCC(=O)C=C1CC[C@@H]1[C@@H]2[C@@H](O)C[C@@]2(C)[C@H]1CC[C@]2(O)C(=O)CS,1,1,1,1,0,3.699,1,0,1,acrylamide_warhead,2.129,0.6959
tixocortol-pivalate,CC(C)(C)C(=O)SCC(=O)[C@@]1(O)CC[C@H]2[C@@H]3CCC4=CC(=O)CC[C@]4(C)[C@H]3[C@@H](O)C[C@@]21C,1,1,1,1,0,3.821,1,0,1,acrylamide_warhead,2.116,0.6857
tofenacin,CNCCOC(c1ccccc1)c1ccccc1C,1,0,1,1,0,1.977,1,0,0,,1.68,0.7042
tofisopam,CCC1C(C)=NN=C(c2ccc(OC)c(OC)c2)c2cc(OC)c(OC)cc21,1,1,1,1,0,2.424,1,0,0,,2.252,0.7276
toloxychlorinol,Cc1ccccc1OCC(COC(O)C(Cl)(Cl)Cl)OC(O)C(Cl)(Cl)Cl,1,1,1,1,0,1.914,1,0,1,haloacetamide_warhead,5.163,0.6117
tolpiprazole,Cc1cccc(N2CCN(CCc3cc(C)[nH]n3)CC2)c1,1,1,1,1,0,1.905,1,0,0,,2.095,0.788
tolquinzole,CCC1(O)CCN2CCc3ccc(C)cc3C2C1,1,0,1,1,0,2.16,1,0,0,,1.733,0.758
tolufazepam,Cc1ccc(S(=O)(=O)CCN2C(=O)CN=C(c3ccccc3Cl)c3cc(Cl)ccc32)cc1,1,0,1,1,0,2.84,1,0,0,,3.817,0.635
tonazocine,CCCCCC(=O)CC[C@]1(C)[C@@H]2Cc3ccc(O)cc3[C@@]1(C)CCN2C,1,1,1,1,0,2.485,1,0,0,,1.69,0.7183
topiramate,CC1(C)O[C@@H]2[C@@H](CO[C@@]3(COS(N)(=O)=O)OC(C)(C)O[C@@H]23)O1,1,1,1,1,0,2.29,0,0,0,,2.464,0.64
tracazolate,CCCCNc1c(C(=O)OCC)c(C)nc2c1cnn2CC,1,1,1,1,0,1.465,1,0,0,cyp_pyridine_heme,1.968,0.7003
tralonide,CC1(C)O[C@@H]2CC3C4C[C@H](F)C5=CC(=O)C=CC5(C)[C@@]4(Cl)[C@@H](Cl)CC3(C)[C@]2(C(=O)CF)O1,1,0,1,1,0,4.74,1,0,1,acrylamide_warhead; haloacetamide_warhead,4.65,0.7131
tramadol,COc1cccc([C@@]2(O)CCCC[C@@H]2CN(C)C)c1,1,0,1,1,0,1.83,1,0,0,,1.574,0.7599
trebenzomine,CC1Oc2ccccc2CC1N(C)C,1,0,1,0,0,1.88,1,0,0,,1.629,0.7464
trefentanil,CCC(=O)N(c1ccccc1F)C1(c2ccccc2)CCN(CCn2nnn(CC)c2=O)CC1,1,1,1,1,0,2.552,1,0,0,,3.142,0.6905
triamcinolone-benetonide,CC(CNC(=O)c1ccccc1)C(=O)OCC(=O)[C@@]12OC(C)(C)O[C@@H]1C[C@H]1[C@@H]3CCC4=CC(=O)C=C[C@]4(C)[C@@]3(F)[C@@H](O)C[C@@]12C,1,0,1,0,0,5.53,0,0,1,acrylamide_warhead,3.487,0.6307
triamcinolone-furetonide,CC1(C)O[C@@H]2C[C@H]3[C@@H]4CCC5=CC(=O)C=C[C@]5(C)[C@@]4(F)[C@@H](O)C[C@]3(C)[C@]2(C(=O)COC(=O)c2cc3ccccc3o2)O1,1,0,1,0,0,5.635,0,0,1,acrylamide_warhead; cyp_terminal_furan,3.806,0.6052
tribromoethanol,OC(Br)(Br)CBr,1,0,1,1,0,1.0,1,0,1,haloacetamide_warhead,3.7,0.7085
tricetamide,CCN(CC)C(=O)CNC(=O)c1cc(OC)c(OC)c(OC)c1,1,1,1,1,0,1.21,1,0,0,,1.813,0.7236
triclodazol,O=C1N(C(O)C(Cl)(Cl)Cl)CNC1(c1ccccc1)c1ccccc1,1,1,1,1,0,2.498,1,0,1,haloacetamide_warhead,4.087,0.7431
triclofos,O=P(O)(O)OCC(Cl)(Cl)Cl,1,0,1,1,0,1.0,1,0,1,haloacetamide_warhead,4.1,0.5875
triclonide,CC1(C)O[C@@H]2C[C@H]3C4C[C@H](F)C5=CC(=O)C=CC5(C)[C@@]4(Cl)[C@@H](Cl)CC3(C)[C@]2(C(=O)CCl)O1,1,0,1,0,0,4.74,0,0,1,acrylamide_warhead; haloacetamide_warhead,4.65,0.6347
trizoxime,N/C(N=O)=C1\NNc2ccccc2N(Cc2ccccc2)C1=O,1,1,1,1,0,2.435,1,0,1,acrylamide_warhead; cyp_aniline,2.763,0.6789
trocimine,COc1cc(C(=O)N2CCCCCCC2)cc(OC)c1OC,1,1,1,1,0,2.234,1,0,0,,1.811,0.7572
tryptophan(l-tryptophan),N[C@@H](Cc1c[nH]c2ccccc12)C(=O)O,1,0,1,1,0,2.032,1,0,0,,2.255,0.6071
uldazepam,C=CCONC1=Nc2ccc(Cl)cc2C(c2ccccc2Cl)=NC1,1,1,1,1,0,2.397,1,0,0,,3.561,0.6632
umespirone,CCCCN1C(=O)C2C(=O)N(CCCCN3CCN(c4ccccc4OC)CC3)C(=O)C(C1=O)C2(C)C,1,0,1,1,0,2.869,0,0,0,,2.415,0.5526
urethane,CCOC(N)=O,1,0,1,0,0,1.0,0,0,0,,1.967,0.6263
valaciclovir,CC(C)[C@H](N)C(=O)OCCOCn1cnc2c(=O)nc(N)[nH]c21,0,0,0,0,0,1.764,0,0,0,,2.474,0.624
valdipromide,CCCC(CCC)(CCC)C(N)=O,1,0,1,0,0,1.0,1,0,0,,1.0,0.7145
valganciclovir(RS790702),CC(C)[C@H](N)C(=O)OCC(CO)OCn1cnc2c(=O)nc(N)[nH]c21,0,0,0,0,0,2.014,0,0,0,,2.463,0.5772
valproatepivoxil,CCCC(CCC)C(=O)OCOC(=O)C(C)(C)C,1,0,1,1,0,1.0,1,0,0,,1.0,0.6916
valtrate,CC(=O)OCC1=CO[C@@H](OC(=O)CC(C)C)[C@H]2C1=C[C@H](OC(=O)CC(C)C)[C@]21CO1,1,1,1,1,0,3.432,1,0,1,epoxide_warhead,2.155,0.5741
velnacrine,Nc1c2c(nc3ccccc13)CCCC2O,1,0,1,1,0,2.251,1,0,0,cyp_pyridine_heme,2.216,0.6957
venlafaxine,COc1ccc(C(CN(C)C)C2(O)CCCCC2)cc1,1,1,1,1,0,1.574,1,0,0,,1.532,0.6948
veralipride,C=CCN1CCCC1CNC(=O)c1cc(S(N)(=O)=O)cc(OC)c1OC,1,1,1,1,0,1.905,0,0,0,,2.262,0.6375
vigabatrin,C=CC(N)CCC(=O)O,1,0,1,0,0,1.0,0,0,0,,1.6,0.6167
viloxazine,CCOc1ccccc1OCC1CNCCO1,1,0,1,1,0,1.644,1,0,0,,1.875,0.7709
vitamine(alpha-tocopherol),Cc1c(C)c2c(c(C)c1O)CC[C@@](C)(CCC[C@H](C)CCC[C@H](C)CCCC(C)C)O2,0,0,0,0,0,2.118,0,0,0,,1.159,0.6235
xaliproden,FC(F)(F)c1cccc(C2=CCN(CCc3ccc4ccccc4c3)CC2)c1,1,0,0,0,0,2.66,0,0,0,,3.929,0.6913
xanthiol,OCCCN1CCN(CCCC2c3ccccc3Sc3ccc(Cl)cc32)CC1,1,1,1,1,0,2.636,1,0,0,,2.853,0.7321
xorphanol,C=C1C[C@H](C)[C@H]2[C@H]3Cc4ccc(O)cc4[C@@]2(CCN3CC2CCC2)C1,1,1,1,1,0,3.467,1,0,0,,2.218,0.7577
xylazine,Cc1cccc(C)c1NC1=NCCCS1,1,0,1,1,0,1.5,1,0,0,cyp_aniline,1.867,0.7658
zafuleptine,CC(C)C(CCCCCC(=O)O)NCc1ccc(F)cc1,1,1,1,1,0,1.314,1,0,0,,1.901,0.6692
zalospirone,O=C1[C@@H]2[C@@H]3C=C[C@@H]([C@H]4C=C[C@H]43)[C@@H]2C(=O)N1CCCCN1CCN(c2ncccn2)CC1,1,1,1,1,0,4.87,1,0,0,,3.311,0.6763
zetidoline,CC1(C)CN(CCN2CCN(c3cccc(Cl)c3)C2=O)C1,1,1,1,1,0,1.795,1,0,0,,2.664,0.7708
ziprasidone,O=C1Cc2cc(CCN3CCN(c4nsc5ccccc45)CC3)c(Cl)cc2N1,1,1,1,1,0,2.91,1,0,0,,3.483,0.7405
zolazepam,Cc1nn(C)c2c1C(c1ccccc1F)=NCC(=O)N2C,1,1,1,1,0,2.15,1,0,0,,3.044,0.7333
zoloperone,COc1ccccc1N1CCN(CCc2oc(=O)[nH]c2-c2ccc(F)cc2)CC1,1,1,1,1,0,2.598,1,0,0,,3.17,0.7153
zoniclezole,CC(c1noc2ccc(Cl)cc12)n1ccnc1,1,0,1,1,0,2.44,1,0,0,,3.149,0.7057
zopiclone,CN1CCN(C(=O)OC2c3nccnc3C(=O)N2c2ccc(Cl)cn2)CC1,1,1,1,1,0,2.766,1,0,0,cyp_pyridine_heme,3.529,0.7382
zotepine,CN(C)CCOC1=Cc2ccccc2Sc2ccc(Cl)cc21,1,1,1,1,0,2.223,1,0,0,,2.768,0.7663
zylofuramine,CCN[C@H](Cc1ccccc1)[C@H]1CCCO1,1,0,1,1,0,1.834,1,0,0,,1.518,0.7654
aceprometazine,CC(=O)c1ccc2c(c1)N(CC(C)N(C)C)c1ccccc1S2,1,1,1,1,0,2.381,1,0,0,,2.169,0.7599
adinazolam,CN(C)Cc1nnc2n1-c1ccc(Cl)cc1C(c1ccccc1)=NC2,1,1,1,1,0,2.647,1,0,0,,3.252,0.7428
albutoin,C=CCN1C(=O)C(CC(C)C)NC1=S,1,0,1,1,0,1.16,1,0,0,,1.677,0.6821
alclometasone,C[C@@H]1C[C@H]2[C@H]3[C@H]([C@@H](O)C[C@]2(C)[C@@]1(O)C(=O)CO)[C@@]1(C)C=CC(=O)C=C1C[C@H]3Cl,1,1,1,1,0,4.337,1,0,1,acrylamide_warhead; haloacetamide_warhead,2.761,0.6636
aletamine(alfetamine),C=CCC(N)Cc1ccccc1,1,0,1,0,0,1.513,1,0,0,,1.332,0.7181
algestone,CC(=O)[C@@]1(O)[C@H](O)C[C@H]2[C@@H]3CCC4=CC(=O)CC[C@]4(C)[C@H]3CC[C@@]21C,1,1,1,1,0,3.679,1,0,1,acrylamide_warhead,2.032,0.7277
alimemazine,CC(CN(C)C)CN1c2ccccc2Sc2ccccc21,1,1,1,1,1,2.32,1,0,0,,2.062,0.3939
alpertine,CCOC(=O)c1[nH]c2cc(OC)c(OC)cc2c1CCN1CCN(c2ccccc2)CC1,1,1,1,1,1,2.56,1,0,0,,2.536,0.3527
alphaprodine(betaprodine),CCC(=O)OC1(c2ccccc2)CCN(C)CC1C,1,0,1,1,0,1.905,1,0,0,,1.624,0.7618
alpidem,CCCN(CCC)C(=O)Cc1c(-c2ccc(Cl)cc2)nc2ccc(Cl)cn12,1,1,1,0,0,2.19,1,0,0,cyp_pyridine_heme,3.3,0.6571
amebucort,CCCC(=O)O[C@]1(C(=O)COC(C)=O)CC[C@H]2[C@@H]3C[C@H](C)C4=CC(=O)CC[C@]4(C)[C@H]3[C@@H](O)C[C@@]21C,1,0,1,1,0,4.157,1,0,1,acrylamide_warhead,2.171,0.6775
amedalin,CNCCCC1(C)C(=O)N(c2ccccc2)c2ccccc21,1,1,1,1,0,2.361,1,0,0,,2.056,0.7761
amfonelic-acid,CCn1cc(C(=O)O)c(=O)c2ccc(Cc3ccccc3)nc21,1,1,1,1,0,2.31,1,0,0,cyp_pyridine_heme,2.419,0.6524
amiflamine,Cc1cc(N(C)C)ccc1C[C@H](C)N,1,0,1,0,1,1.28,1,0,0,,1.329,0.3643
aminoglutethimide,CCC1(c2ccc(N)cc2)CCC(=O)NC1=O,1,0,1,1,0,1.828,1,0,0,cyp_aniline,1.998,0.7063
aminopromazine,CN(C)CC(CN1c2ccccc2Sc2ccccc21)N(C)C,1,1,1,1,1,2.318,1,0,0,,2.127,0.3943
amiperone,CN(C)C(=O)C1(c2ccc(Cl)cc2)CCN(CCCC(=O)c2ccc(F)cc2)CC1,1,1,1,1,0,2.15,1,0,0,,3.167,0.723
amoxapine,Clc1ccc2c(c1)C(N1CCNCC1)=Nc1ccccc1O2,1,1,1,1,0,2.558,1,0,0,,3.194,0.7853
anisopirol,COc1ccccc1N1CCN(CCCC(O)c2ccc(F)cc2)CC1,1,1,1,1,0,2.306,1,0,0,,2.634,0.7122
aptazapine,CN1CCN2c3ccccc3Cn3cccc3C2C1,1,0,1,1,0,2.58,1,0,0,,2.374,0.7682
arfendazam,CCOC(=O)N1CCC(=O)N(c2ccccc2)c2cc(Cl)ccc21,1,1,1,1,0,2.263,1,0,0,,2.972,0.7449
asimadoline,CN(C(=O)C(c1ccccc1)c1ccccc1)[C@H](CN1CC[C@H](O)C1)c1ccccc1,1,1,1,1,0,3.164,1,0,0,,2.35,0.6421
atibeprone,Cc1c(C)c2ccc(OCc3nnc(C(C)C)s3)cc2oc1=O,1,1,1,1,0,2.086,1,0,0,,2.4,0.654
bazinaprine,N#Cc1cc(-c2ccccc2)nnc1NCCN1CCOCC1,1,1,1,1,0,2.086,1,0,0,,2.4,0.7819
beclomethasonedipropionate(beclometasone-dipropionate),CCC(=O)OCC(=O)[C@@]1(OC(=O)CC)[C@@H](C)C[C@H]2[C@@H]3CCC4=CC(=O)C=C[C@]4(C)[C@@]3(Cl)[C@@H](O)C[C@@]21C,1,0,1,1,0,4.263,0,0,1,acrylamide_warhead; haloacetamide_warhead,2.795,0.6112
befuraline,O=C(c1cc2ccccc2o1)N1CCN(Cc2ccccc2)CC1,1,1,1,1,0,2.58,1,0,0,cyp_terminal_furan,2.5,0.7539
beloxepin,Cc1cccc2c1Oc1ccccc1[C@@]1(O)CCN(C)C[C@@H]21,1,1,1,1,0,2.898,1,0,0,,2.314,0.7365
benmoxin,CC(NNC(=O)c1ccccc1)c1ccccc1,1,0,1,1,0,2.15,1,0,0,,1.993,0.7268
benzobarbital,CCC1(c2ccccc2)C(=O)NC(=O)N(C(=O)c2ccccc2)C1=O,1,1,1,1,0,2.611,1,0,0,,2.494,0.6701
benzoclidine,O=C(OC1CN2CCC1CC2)c1ccccc1,1,0,1,1,0,2.39,1,0,0,,2.329,0.6877
benzoctamine,CNCC12CCC(c3ccccc31)c1ccccc12,1,0,1,1,0,2.73,1,0,0,,2.391,0.7936
benzphetamine(benzfetamine),CC(Cc1ccccc1)N(C)Cc1ccccc1,1,0,1,1,0,1.957,1,0,0,,1.531,0.7393
besipirdine,CCCN(c1ccncc1)n1ccc2ccccc21,1,0,1,1,0,2.205,1,0,0,cyp_pyridine_heme,2.224,0.7317
betamethadol,CCC(O)C(CC(C)N(C)C)(c1ccccc1)c1ccccc1,1,1,1,1,0,2.146,1,0,0,,1.518,0.6863
betamethasone-acetate(dexamethasone-acetate),CC(=O)OCC(=O)[C@@]1(OC(=O)C(C)C)[C@@H](C)C[C@H]2[C@@H]3CCC4=CC(=O)C=C[C@]4(C)[C@@]3(F)[C@@H](O)C[C@@]21C,1,0,1,1,0,4.263,0,0,1,acrylamide_warhead,2.795,0.6736
betamethasone-dipropionate(dexamethasone-dipropionate),CC(=O)OCC(=O)[C@@]1(O)[C@@H](C)C[C@H]2[C@@H]3CCC4=CC(=O)C=C[C@]4(C)[C@@]3(F)[C@@H](O)C[C@@]21C,1,1,1,1,0,4.17,1,0,1,acrylamide_warhead,2.811,0.707
betamethasone-valerate,CCC(=O)OCC(=O)[C@@]1(OC(=O)CC)[C@@H](C)C[C@H]2[C@@H]3CCC4=CC(=O)C=C[C@]4(C)[C@@]3(F)[C@@H](O)C[C@@]21C,1,0,1,1,0,4.263,0,0,1,acrylamide_warhead,2.795,0.6719
bifemelane,CNCCCCOc1ccccc1Cc1ccccc1,1,1,1,1,0,1.7,1,0,0,,1.633,0.7311
binedaline,CN(C)CCN(C)n1cc(-c2ccccc2)c2ccccc21,1,1,1,1,0,2.174,1,0,0,,2.099,0.7434
brallobarbital,C=CCC1(CC(=C)Br)C(=O)NC(=O)NC1=O,1,0,1,1,0,1.31,1,0,0,,2.685,0.6335
brifentanil,CCn1nnn(CCN2CC[C@H](N(C(=O)COC)c3ccccc3F)[C@H](C)C2)c1=O,1,1,1,1,0,2.43,0,0,0,,2.92,0.6808
brofaromine,COc1cc(Br)c2oc(C3CCNCC3)cc2c1,1,0,1,1,0,1.896,1,0,0,cyp_terminal_furan,2.724,0.7883
bromamid,CN(C)C(=O)CCNc1ccc(Br)cc1,1,0,1,1,0,1.214,1,0,0,cyp_aniline,2.309,0.7273
bromodiphenhydramine(bromazine),CN(C)CCOC(c1ccccc1)c1ccc(Br)cc1,1,1,1,1,0,1.997,1,0,0,,2.315,0.7084
bromopride,CCN(CC)CCNC(=O)c1cc(Br)c(N)cc1OC,1,1,1,1,0,1.15,1,0,0,cyp_aniline,2.3,0.7039
bromperidol-decanoate,CCCCCCCCCC(=O)OC1(c2ccc(Br)cc2)CCN(CCCC(=O)c2ccc(F)cc2)CC1,0,0,0,0,0,2.132,0,0,0,,2.948,0.4653
budesonide,CCCC1O[C@@H]2C[C@H]3[C@@H]4CCC5=CC(=O)C=C[C@]5(C)[C@H]4[C@@H](O)C[C@]3(C)[C@]2(C(=O)CO)O1,1,1,1,1,0,4.708,1,0,1,acrylamide_warhead,2.473,0.7352
budipine,CC(C)(C)N1CCC(c2ccccc2)(c2ccccc2)CC1,1,1,1,1,0,1.976,1,0,0,,1.694,0.7721
bufenadrine,CN(C)CCOC(c1ccccc1)c1ccccc1C(C)(C)C,1,1,1,1,0,1.896,1,0,0,,1.518,0.7232
buspirone,O=C1CC2(CCCC2)CC(=O)N1CCCCN1CCN(c2ncccn2)CC1,1,1,1,1,0,2.703,1,0,0,,2.379,0.7127
butalbital,C=CCC1(CC(C)C)C(=O)NC(=O)NC1=O,1,0,1,1,0,1.015,0,0,0,,1.801,0.6865
butamoxane,CCCCNCC1COc2ccccc2O1,1,0,1,1,0,1.624,1,0,0,,1.732,0.7443
butriptyline,CC(CC1c2ccccc2CCc2ccccc21)CN(C)C,1,1,1,1,0,2.226,1,0,0,,1.694,0.7787
carbenzide,CCOC(=O)NNC(C)c1ccccc1,1,0,1,1,0,1.464,1,0,0,,1.809,0.7214
carbocloral,CCOC(=O)NC(O)C(Cl)(Cl)Cl,1,0,1,1,0,1.0,1,0,1,haloacetamide_warhead,3.61,0.6821
carbromal,CCC(Br)(CC)C(=O)NC(N)=O,1,0,1,1,0,1.0,1,0,1,haloacetamide_warhead,2.179,0.7067
carfentanil,CCC(=O)N(c1ccccc1)C1(C(=O)OC)CCN(CCc2ccccc2)CC1,1,1,1,1,0,2.13,1,0,0,,2.084,0.7253
carpipramine,NC(=O)C1(N2CCCCC2)CCN(CCCN2c3ccccc3CCc3ccccc32)CC1,1,0,1,1,0,2.767,1,0,0,,2.526,0.765
carvotroline,Fc1ccc2[nH]c3c(c2c1)CN(CCc1ccncc1)CC3,1,1,1,1,1,2.507,1,0,0,cyp_pyridine_heme,3.023,0.3881
cericlamine,CN(C)C(C)(CO)Cc1ccc(Cl)c(Cl)c1,1,0,1,1,0,1.32,1,0,0,,2.65,0.7011
chlorcyclizine,CN1CCN(C(c2ccccc2)c2ccc(Cl)cc2)CC1,1,1,1,1,0,2.32,1,0,0,,2.562,0.7917
chlorobutanol,CCCC(O)Cl,1,0,1,0,0,1.0,1,0,1,haloacetamide_warhead,1.7,0.6915
chloroprednisone,CC(=O)OCC(=O)[C@@]1(O)CC[C@H]2[C@@H]3C[C@H](Cl)C4=CC(=O)C=C[C@]4(C)[C@H]3C(=O)C[C@@]21C,1,1,1,1,0,3.967,1,0,1,acrylamide_warhead; haloacetamide_warhead,2.878,0.667
chloroserpidine,COC(=O)[C@H]1[C@H]2C[C@@H]3c4[nH]c5ccc(Cl)cc5c4CCN3C[C@H]2C[C@@H](OC(=O)c2cc(OC)c(OC)c(OC)c2)[C@@H]1OC,1,0,1,0,1,4.86,0,0,0,,3.667,0.3011
chlorphenesin-carbamate,NC(=O)OCC(O)COc1ccc(Cl)cc1,1,0,1,1,0,1.56,1,0,0,,2.685,0.6577
chlorphenoxamine,CN(C)CCOC(C)(c1ccccc1)c1ccc(Cl)cc1,1,1,1,1,0,1.97,1,0,0,,2.262,0.7331
chlorthenoxazine,O=C1NC(CCCl)Oc2ccccc21,1,0,1,1,0,1.87,1,0,1,haloacetamide_warhead,2.717,0.7505
cianopramine,CN(C)CCCN1c2ccccc2CCc2ccc(C#N)cc21,1,1,1,1,0,2.09,1,0,0,,2.011,0.7737
ciclazindol,OC1(c2cccc(Cl)c2)C2=NCCCN2c2ccccc21,1,1,1,1,0,2.788,1,0,0,,3.083,0.7883
ciclopramine,CNC1CCN2c3ccccc3CCc3cccc1c32,1,1,1,1,0,2.65,1,0,0,,2.233,0.7957
cidoxepin,CN(C)CCC=C1c2ccccc2COc2ccccc21,1,1,1,1,0,2.154,1,0,0,,1.975,0.7647
ciladopa,COc1ccc([C@H](O)CN2CCN(c3cccccc3=O)CC2)cc1OC,1,1,1,1,0,2.383,1,0,0,,2.262,0.6841
cinfenine,CN(C/C=C/c1ccccc1)CCOC(c1ccccc1)c1ccccc1,1,1,1,0,0,2.35,1,0,0,,1.962,0.6149
cinitapride,CCOc1cc(N)c([N+](=O)[O-])cc1C(=O)NC1CCN(CC2CC=CCC2)CC1,1,1,1,1,0,2.194,1,0,0,cyp_aniline,2.27,0.5966
cinperene,O=C1CCC(c2ccccc2)(C2CCN(C/C=C/c3ccccc3)CC2)C(=O)N1,1,1,1,1,0,2.798,1,0,0,,2.326,0.7722
cinromide,CCNC(=O)/C=C/c1cccc(Br)c1,1,0,1,1,0,1.412,1,0,1,acrylamide_warhead,2.297,0.7277
cintriamide(cintramide),COc1cc(/C=C/C(N)=O)cc(OC)c1OC,1,0,1,1,0,1.39,1,0,1,acrylamide_warhead,1.982,0.6806
cinuperone,O=C(CCCN1CCN(c2cc3ccccc3cn2)CC1)c1ccc(F)cc1,1,1,1,1,0,2.595,1,0,0,cyp_pyridine_heme,2.992,0.7309
citalopram,CN(C)CCCC1(c2ccc(F)cc2)OCc2cc(C#N)ccc21,1,1,1,1,0,2.36,1,0,0,,2.62,0.7803
citenamide,NC(=O)C1c2ccccc2C=Cc2ccccc21,1,0,1,1,0,2.335,1,0,0,,2.183,0.6634
clazolam,CN1C(=O)CN2CCc3ccccc3C2c2cc(Cl)ccc21,1,1,1,1,0,2.757,1,0,0,,3.023,0.7634
clemeprol,CN(C)CC(O)C(c1ccccc1)c1ccc(Cl)cc1,1,1,1,1,0,2.247,1,0,0,,2.315,0.7223
climazolam,Cc1ncc2n1-c1ccc(Cl)cc1C(c1ccccc1Cl)=NC2,1,1,1,1,0,2.727,1,0,0,,3.763,0.7222
clobetasol,CC1CC2C3CCC4=CC(=O)C=CC4(C)[C@@]3(F)C(O)CC2(C)[C@@]1(O)C(=O)CCl,1,1,1,1,0,4.087,1,0,1,acrylamide_warhead; haloacetamide_warhead,3.261,0.7409
clobetasol-propionate,CCC(=O)O[C@]1(C(=O)CCl)[C@@H](C)C[C@H]2[C@@H]3CCC4=CC(=O)C=C[C@]4(C)[C@@]3(F)[C@@H](O)C[C@@]21C,1,1,1,1,0,4.176,1,0,1,acrylamide_warhead; haloacetamide_warhead,3.28,0.6905
clofexamide,CCN(CC)CCNC(=O)COc1ccc(Cl)cc1,1,0,1,1,0,1.13,1,0,0,,2.189,0.7239
clomacran,CN(C)CCCC1c2ccccc2Nc2ccc(Cl)cc21,1,1,1,1,0,2.32,1,0,0,cyp_aniline,2.562,0.7928
clopipazan,CN1CCC(=C2c3ccccc3Oc3ccc(Cl)cc32)CC1,1,1,1,1,0,2.524,1,0,0,,2.899,0.7297
clothiapine(clotiapine),CN1CCN(C2=Nc3ccccc3Sc3ccc(Cl)cc32)CC1,1,1,1,1,0,2.527,1,0,0,,3.13,0.7693
clovoxamine,COCCCC/C(=N\OCCN)c1ccc(Cl)cc1,1,0,1,1,0,1.13,1,0,0,,2.189,0.6099
cloxazolam,O=C1CN2CCOC2(c2ccccc2Cl)c2cc(Cl)ccc2N1,1,1,1,1,0,2.828,1,0,0,,3.794,0.7716
cloxypendyl,OCCN1CCN(CCCN2c3ccccc3Sc3cc(Cl)cnc32)CC1,1,1,1,1,0,2.4,1,0,0,cyp_pyridine_heme,3.118,0.7698
cormethasoneacetate(cormetasone-acetate),CC(=O)OCC(=O)C1(O)C(C)CC2C3CC(F)(F)C4=CC(=O)C=CC4(C)C3(F)C(O)CC21C,1,1,1,1,0,4.21,1,0,1,acrylamide_warhead,3.952,0.7205
cropropamide,C/C=C/C(=O)N(CCC)C(CC)C(=O)N(C)C,1,0,1,1,0,1.0,1,0,1,acrylamide_warhead,1.152,0.7092
cyamemazine,CC(CN(C)C)CN1c2ccccc2Sc2ccc(C#N)cc21,1,1,1,1,0,2.381,1,0,0,,2.169,0.7783
cyclazodone,O=C1N=C(NC2CC2)OC1c1ccccc1,1,0,1,1,0,2.22,1,0,0,,2.383,0.7606
cypenamine,NC1CCCC1c1ccccc1,1,0,1,0,0,1.895,1,0,0,,1.486,0.7518
cyprazepam,ON1CC(=NCC2CC2)N=c2ccc(Cl)cc2=C1c1ccccc1,1,1,1,1,0,2.564,1,0,0,,3.114,0.7744
dabelotine,CN1CCCc2cccc(OCC3CNCCO3)c21,1,0,1,1,0,1.96,1,0,0,,2.052,0.7916
daledalin,CNCCCC1(C)CN(c2ccccc2)c2ccccc21,1,1,1,1,0,2.278,1,0,0,,1.891,0.7828
damotepine,CN(C)CC1=Cc2ccccc2Sc2ccccc21,1,0,1,1,0,2.218,1,0,0,,2.075,0.7787
danitracen,CN1CCC(=C2c3ccccc3C(O)c3ccccc32)CC1,1,1,1,1,1,2.48,1,0,0,,2.233,0.3749
dapoxetine,CN(C)[C@@H](CCOc1cccc2ccccc12)c1ccccc1,1,1,1,1,0,2.474,1,0,0,,1.97,0.694
dazepinil,CC1=Nc2ccccc2CC(c2ccccc2)N1C,1,0,1,1,0,2.398,1,0,0,,2.028,0.7686
declenperone,O=C(c1ccc(F)cc1)C1CCN(CCCn2c(=O)[nH]c3ccccc32)CC1,1,1,1,1,0,2.524,1,0,0,cyp_imidazole_heme,3.052,0.7372
deflazacort,CC(=O)OCC(=O)[C@@]12N=C(C)O[C@@H]1C[C@H]1[C@@H]3CCC4=CC(=O)C=C[C@]4(C)[C@H]3[C@@H](O)C[C@@]12C,1,1,1,1,0,4.574,1,0,1,acrylamide_warhead,2.612,0.6724
delergotrile,CN1C[C@@H](CC#N)CC2c3cccc4[nH]cc(c34)C[C@H]21,1,1,1,1,0,2.985,1,0,0,,2.274,0.7962
delorazepam,O=C1CN=C(c2ccccc2Cl)c2cc(Cl)ccc2N1,1,1,1,1,0,2.37,1,0,0,,3.597,0.7736
demexiptiline,CNCCON=c1c2ccccc2ccc2ccccc12,1,1,1,1,0,2.27,1,0,0,,2.195,0.697
denzimol,OC(Cn1ccnc1)c1ccc(CCc2ccccc2)cc1,1,1,1,1,0,2.487,1,0,0,,2.141,0.7063
depramine,CN(C)CCCN1c2ccccc2C=Cc2ccccc21,1,1,1,1,0,2.154,1,0,0,,1.975,0.7777
desflurane,FC(F)OC(F)C(F)(F)F,1,0,1,0,0,1.0,1,0,0,,5.3,0.7241
desomorphine,CN1CCC23c4c5ccc(O)c4OC2CCCC3C1C5,1,1,1,1,0,3.974,1,0,0,,2.432,0.78
dexclamol,CC(C)[C@@]1(O)CCN2C[C@@H]3c4ccccc4CCc4cccc(c43)[C@H]2C1,1,1,1,1,0,3.42,1,0,0,,2.331,0.7582
dextromoramide(levomoramideandracemoramide),CC(CN1CCOCC1)C(C(=O)N1CCCC1)(c1ccccc1)c1ccccc1,1,1,1,1,0,2.654,1,0,0,,2.23,0.7627
dextrorphan,CN1CC[C@@]23CCCC[C@@H]2[C@@H]1Cc1ccc(O)cc13,1,0,1,1,0,2.754,1,0,0,,1.998,0.7596
dezinamide,NC(=O)N1CC(Oc2cccc(C(F)(F)F)c2)C1,1,0,1,1,0,1.624,1,0,0,,3.976,0.7442
dezocine,CC12CCCCCC(Cc3ccc(O)cc31)C2N,1,0,1,1,0,3.21,1,0,0,,1.733,0.6778
diacetylnalorphine,C=CCN1CCC23c4c5ccc(OC(C)=O)c4OC2C(OC(C)=O)C=CC3C1C5,1,1,1,1,0,4.606,1,0,0,,2.738,0.6791
dibenzepin,CN(C)CCN1C(=O)c2ccccc2N(C)c2ccccc21,1,1,1,1,0,2.157,1,0,0,,2.223,0.7446
dicarbine,Cc1ccc2c(c1)C1CN(C)CCC1N2,1,0,1,1,0,2.204,1,0,0,cyp_aniline,1.869,0.7573
dichlormezanone,CN1C(=O)CCS(=O)(=O)C1c1ccc(Cl)c(Cl)c1,1,0,1,1,0,1.874,1,0,0,,3.476,0.6834
diclofensine,COc1ccc2c(c1)CN(C)CC2c1ccc(Cl)c(Cl)c1,1,1,1,1,0,2.367,1,0,0,,3.236,0.7653
diethazine,CCN(CC)CCN1c2ccccc2Sc2ccccc21,1,1,1,1,1,2.07,1,0,0,,2.062,0.3913
difencloxazine,Clc1ccc(C(OCCN2CCOCC2)c2ccccc2)cc1,1,1,1,1,0,2.318,1,0,0,,2.627,0.7163
diflorasone-diacetate,CC(=O)OCC(=O)[C@@]1(OC(C)=O)[C@@H](C)C[C@H]2[C@@H]3C[C@H](F)C4=CC(=O)C=C[C@]4(C)[C@@]3(F)[C@@H](O)C[C@@]21C,1,0,1,1,0,4.519,1,0,1,acrylamide_warhead,3.418,0.6985
difluprednate,CCCC(=O)O[C@]1(C(=O)COC(C)=O)CC[C@H]2[C@@H]3C[C@H](F)C4=CC(=O)C=C[C@]4(C)[C@@]3(F)[C@@H](O)C[C@@]21C,1,0,1,1,0,4.276,0,0,1,acrylamide_warhead,3.387,0.6744
dimemorfan,Cc1ccc2c(c1)[C@]13CCCC[C@@H]1[C@H](C2)N(C)CC3,1,0,1,1,0,2.73,1,0,0,,1.825,0.7601
dimeprozan,COc1ccc2c(c1)/C(=C/CCN(C)C)c1ccccc1O2,1,1,1,1,0,2.174,1,0,0,,2.099,0.6934
dimesone,C[C@@H]1C[C@H]2[C@@H]3CCC4=CC(=O)C=C[C@]4(C)[C@@]3(F)[C@@H](O)C[C@]2(C)[C@@]1(C)C(=O)CO,1,1,1,1,0,4.073,1,0,1,acrylamide_warhead,2.644,0.7496
dimetacrine,CN(C)CCCN1c2ccccc2C(C)(C)c2ccccc21,1,1,1,1,0,2.01,1,0,0,,1.853,0.7858
dinazafone,C=C(C)CNCC(=O)N(C)c1ccc(Cl)cc1C(=O)c1ccccc1,1,1,1,1,0,1.96,1,0,0,,2.54,0.661
doliracetam,NC(=O)CN1C(=O)C(c2ccccc2)c2ccccc21,1,1,1,1,0,2.55,1,0,0,,2.4,0.7696
dosulepin,CN(C)CC/C=C1/c2ccccc2CSc2ccccc21,1,1,1,1,0,2.154,1,0,0,,1.975,0.7837
doxefazepam,O=C1C(O)N=C(c2ccccc2F)c2cc(Cl)ccc2N1CCO,1,1,1,1,0,2.568,1,0,0,,3.634,0.7355
doxenitoin,O=C1NCNC1(c1ccccc1)c1ccccc1,1,0,1,1,0,2.25,1,0,0,,2.293,0.7685
doxibetasol,CC(=O)[C@@]1(O)[C@@H](C)C[C@H]2[C@@H]3CCC4=CC(=O)C=C[C@]4(C)[C@@]3(F)[C@@H](O)C[C@@]21C,1,1,1,1,0,4.067,1,0,1,acrylamide_warhead,2.674,0.7402
drocinonide,CC1(C)O[C@@H]2C[C@H]3C4CCC5CC(=O)CCC5(C)[C@@]4(F)[C@@H](O)CC3(C)[C@]2(C(=O)CO)O1,1,1,1,1,0,4.52,1,0,0,,2.944,0.7492
dulozafone,CN(C(=O)CN(CCO)CCO)c1ccc(Cl)cc1C(=O)c1ccccc1Cl,1,1,1,1,0,1.9,1,0,0,,3.217,0.6247
enpiprazole,Cn1cc(CCN2CCN(c3ccccc3Cl)CC2)cn1,1,1,1,1,0,1.945,1,0,0,,2.764,0.7815
enprazepine,C=C1c2ccccc2CN(CCCN(C)C)c2ccccc21,1,1,1,1,0,2.13,1,0,0,,1.933,0.785
eprobemide,O=C(NCCCN1CCOCC1)c1ccc(Cl)cc1,1,0,1,1,0,1.48,1,0,0,,2.489,0.7714
eptazocine,CN1CCC2(C)CC(Cc3ccc(O)cc32)C1,1,0,1,1,0,2.17,1,0,0,,1.773,0.7558
eterobarb,CCC1(c2ccccc2)C(=O)N(COC)C(=O)N(COC)C1=O,1,1,1,1,0,1.635,1,0,0,,2.163,0.6794
ethotoin,CCN1C(=O)NC(c2ccccc2)C1=O,1,0,1,1,0,1.923,1,0,0,,2.182,0.7298
ethyl-chloride,CCOC(=O)C1N=C(c2ccccc2F)c2cc(Cl)ccc2NC1=O,1,1,1,1,0,2.6,1,0,0,,3.607,0.7272
etizolam,CCc1cc2c(s1)-n1c(C)nnc1CN=C2c1ccccc1Cl,1,1,1,1,0,2.578,1,0,0,cyp_terminal_thiophene,3.294,0.7162
etrabamine,CNC1CCc2ncsc2C1,1,0,1,0,0,1.42,1,0,0,,1.918,0.7529
etryptamine,CCC(N)Cc1c[nH]c2ccccc12,1,0,1,0,0,1.83,1,0,0,,1.762,0.7553
fenaclon,O=C(CCCl)NCCc1ccccc1,1,0,1,1,0,1.194,1,0,1,haloacetamide_warhead,2.152,0.7305
fenadiazole,O=C1C=CC=C/C1=C1/NN=CO1,1,0,1,0,0,1.94,0,0,1,acrylamide_warhead,2.6,0.6982
fezolamine,CN(C)CCCn1cc(-c2ccccc2)c(-c2ccccc2)n1,1,1,1,1,0,2.21,1,0,0,,2.091,0.7418
fletazepam,Fc1ccccc1C1=NCCN(CC(F)(F)F)c2ccc(Cl)cc21,1,1,1,1,0,2.248,1,0,0,,5.087,0.7641
fluanisone,COc1ccccc1N1CCN(CCCC(=O)c2ccc(F)cc2)CC1,1,1,1,1,0,2.113,1,0,0,,2.672,0.7175
flucindol,CN(C)C1CCc2[nH]c3c(F)cc(F)cc3c2C1,1,0,1,1,1,2.146,1,0,0,,3.224,0.3929
fluciprazine,C#CC1(OCC(O)CN2CCN(c3ccc(F)cc3)CC2)CCCCC1,1,1,1,1,0,2.077,1,0,0,,2.482,0.7653
fludiazepam,CN1C(=O)CN=C(c2ccccc2F)c2cc(Cl)ccc21,1,1,1,1,0,2.32,1,0,0,,3.514,0.7634
flumethasone(flumetasoneanddiflorasone),C[C@@H]1C[C@H]2[C@@H]3C[C@H](F)C4=CC(=O)C=C[C@]4(C)[C@@]3(F)[C@@H](O)C[C@]2(C)[C@@]1(O)C(=O)CO,1,1,1,1,0,4.357,1,0,1,acrylamide_warhead,3.342,0.7312
flumethasone21pivalate(flumetasone-pivalate),C[C@@H]1C[C@H]2C3C[C@H](F)C4=CC(=O)C=CC4(C)[C@@]3(F)[C@@H](O)CC2(C)[C@@]1(O)C(=O)COC(=O)C(C)(C)C,1,0,1,1,0,4.461,1,0,1,acrylamide_warhead,3.293,0.7156
flunisolide,CC1(C)O[C@@H]2CC3[C@@H]4C[C@H](F)C5=CC(=O)C=CC5(C)[C@H]4[C@@H](O)C[C@]3(C)[C@]2(C(=O)CO)O1,1,1,1,1,0,4.72,1,0,1,acrylamide_warhead,3.077,0.7392
flunisolide-acetate,CC(=O)OCC(=O)[C@@]12OC(C)(C)O[C@@H]1CC1C3C[C@H](F)C4=CC(=O)C=CC4(C)[C@H]3C(O)CC12C,1,1,1,1,0,4.803,1,0,1,acrylamide_warhead,3.121,0.7277
fluocinolone,C[C@]12C=CC(=O)C=C1[C@@H](F)C[C@H]1[C@@H]3C[C@@H](O)[C@](O)(C(=O)CO)[C@@]3(C)C[C@H](O)[C@@]12F,1,1,1,1,0,4.373,0,0,1,acrylamide_warhead,3.456,0.6604
fluocinolone-acetonide,CC1(C)O[C@@H]2C[C@H]3[C@@H]4C[C@H](F)C5=CC(=O)C=C[C@]5(C)[C@@]4(F)[C@@H](O)C[C@]3(C)[C@]2(C(=O)CO)O1,1,1,1,1,0,4.74,1,0,1,acrylamide_warhead,3.65,0.7437
fluocortin-butyl,CCCCOC(=O)C(=O)[C@H]1[C@H](C)C[C@H]2[C@@H]3C[C@H](F)C4=CC(=O)C=C[C@]4(C)[C@H]3[C@@H](O)C[C@@]21C,1,1,1,1,0,4.413,1,0,1,acrylamide_warhead,2.678,0.6638
fluocortolone,C[C@@H]1C[C@H]2[C@@H]3C[C@H](F)C4=CC(=O)C=C[C@]4(C)[C@H]3[C@@H](O)C[C@]2(C)[C@H]1C(=O)CO,1,1,1,1,0,4.317,1,0,1,acrylamide_warhead,2.674,0.7576
fluorometholone,CC(=O)[C@@]1(O)CC[C@H]2[C@@H]3C[C@H](C)C4=CC(=O)C=C[C@]4(C)[C@@]3(F)[C@@H](O)C[C@@]21C,1,1,1,1,0,4.067,1,0,1,acrylamide_warhead,2.674,0.75
fluperlapine,CN1CCN(C2=Nc3cc(F)ccc3Cc3ccccc32)CC1,1,1,1,1,0,2.481,1,0,0,,2.969,0.7765
fluperolone(fluperolone-acetate),CC(=O)O[C@@H](C)C(=O)[C@@]1(O)CC[C@H]2[C@@H]3CCC4=CC(=O)C=C[C@]4(C)[C@@]3(F)[C@@H](O)C[C@@]21C,1,1,1,1,0,4.17,1,0,1,acrylamide_warhead,2.811,0.7099
fluprednidene,C=C1C[C@H]2[C@@H]3CCC4=CC(=O)C=C[C@]4(C)[C@@]3(F)C(O)C[C@]2(C)[C@@]1(O)C(=O)CO,1,1,1,1,0,3.946,1,0,1,acrylamide_warhead,2.834,0.7283
fluprednisolone,C[C@]12C=CC(=O)C=C1[C@@H](F)C[C@@H]1[C@@H]2[C@@H](O)C[C@@]2(C)[C@H]1CC[C@]2(O)C(=O)CO,1,1,1,1,0,4.083,1,0,1,acrylamide_warhead,2.795,0.7048
fluprednisolone-valerate,CCCCC(=O)O[C@]1(C(=O)CO)CCC2C3CC(F)C4=CC(=O)C=CC4(C)C3C(O)CC21C,1,1,1,1,0,4.183,1,0,1,acrylamide_warhead,2.752,0.7116
fluradoline,CNCCSC1=Cc2cc(F)ccc2Oc2ccccc21,1,1,1,1,0,2.258,1,0,0,,2.83,0.774
flurandrenolide(fludroxycortide),CC1(C)O[C@@H]2C[C@H]3[C@@H]4C[C@H](F)C5=CC(=O)CC[C@]5(C)[C@H]4[C@@H](O)C[C@]3(C)[C@]2(C(=O)CO)O1,1,1,1,1,0,4.62,1,0,1,acrylamide_warhead,3.011,0.7474
fluspiperone,O=C(CCCN1CCC2(CC1)C(=O)NCN2c1ccc(F)cc1)c1ccc(F)cc1,1,1,1,1,0,3.13,1,0,0,,3.587,0.7606
flutoprazepam,O=C1CN=C(c2ccccc2F)c2cc(Cl)ccc2N1CC1CC1,1,1,1,1,0,2.564,1,0,0,,3.614,0.7754
furfenorex,CC(Cc1ccccc1)N(C)Cc1ccco1,1,0,1,1,0,1.89,1,0,0,cyp_terminal_furan,1.686,0.7319
galantamine,COc1ccc2c3c1O[C@H]1C[C@@H](O)C=C[C@@]31CCN(C)C2,1,1,1,1,0,3.535,1,0,0,,2.348,0.6958
gamfexine,CN(C)CCC(c1ccccc1)C1CCCCC1,1,0,1,1,0,1.534,1,0,0,,1.249,0.7659
guanoxyfen,N=C(N)NCCCOc1ccccc1,1,0,1,0,0,1.27,0,0,0,,1.917,0.6143
halazepam,O=C1CN=C(c2ccccc2)c2cc(Cl)ccc2N1CC(F)(F)F,1,1,1,1,0,2.318,1,0,0,,4.634,0.7689
halometasone,C[C@@H]1CC2[C@@H]3C[C@H](F)C4=CC(=O)C(Cl)=C[C@]4(C)[C@@]3(F)[C@@H](O)C[C@]2(C)[C@@]1(O)C(=O)CO,1,1,1,1,1,4.377,1,0,1,acrylamide_warhead,3.918,0.3585
heptabarb,CCC1(C2=CCCCCC2)C(=O)NC(=O)NC1=O,1,0,1,1,0,1.322,1,0,0,,1.941,0.7134
hepzidine,CN1CCC(OC2c3ccccc3CCc3ccccc32)CC1,1,1,1,1,0,2.346,1,0,0,,2.118,0.7639
homochlorcyclizine,CN1CCCN(C(c2ccccc2)c2ccc(Cl)cc2)CC1,1,1,1,1,0,2.298,1,0,0,,2.514,0.7825
homofenazine(homophenazine),OCCN1CCCN(CCCN2c3ccccc3Sc3ccc(C(F)(F)F)cc32)CC1,1,1,1,1,0,2.446,1,0,0,,4.092,0.7464
hydrocortisone-acetate,CC(=O)OCC(=O)[C@@]1(O)CC[C@H]2[C@@H]3CCC4=CC(=O)CC[C@]4(C)[C@H]3[C@@H](O)C[C@@]21C,1,1,1,1,0,3.791,1,0,1,acrylamide_warhead,2.195,0.6986
hydrocortisone-buteprate,CCCC(=O)O[C@]1(C(=O)COC(=O)CC)CC[C@H]2[C@@H]3CCC4=CC(=O)CC[C@]4(C)[C@H]3[C@@H](O)C[C@@]21C,1,0,1,1,0,3.907,1,0,1,acrylamide_warhead,2.171,0.6789
hydrocortisone-butyrate,CCCC(=O)O[C@]1(C(=O)CO)CC[C@H]2[C@@H]3CCC4=CC(=O)CC[C@]4(C)[C@H]3[C@@H](O)C[C@@]21C,1,1,1,1,0,3.81,1,0,1,acrylamide_warhead,2.141,0.7023
hydromorphone,CN1CC[C@]23c4c5ccc(O)c4O[C@H]2C(=O)CC[C@H]3[C@H]1C5,1,1,1,1,0,4.064,1,0,0,,2.601,0.7792
hydroxypethidine,CCOC(=O)C1(c2cccc(O)c2)CCN(C)CC1,1,0,1,1,0,1.44,1,0,0,,1.805,0.7312
icometasone-enbutate,CCCC(=O)O[C@]1(C(=O)COC(C)=O)[C@H](C)C[C@H]2[C@@H]3CCC4=CC(=O)C=C[C@]4(C)[C@@]3(Cl)[C@@H](O)C[C@@]21C,1,0,1,1,0,4.263,0,0,1,acrylamide_warhead; haloacetamide_warhead,2.795,0.613
iminophenimide,CCC1(c2ccccc2)NCC(=O)NC1=O,1,0,1,1,0,1.87,0,0,0,,2.083,0.7487
indalpine,c1ccc2c(CCC3CCNCC3)c[nH]c2c1,1,0,1,1,0,1.83,1,0,0,,1.88,0.7902
intriptyline,CN(C)CC#CC=C1c2ccccc2C=Cc2ccccc21,1,1,1,1,0,2.319,1,0,0,,1.922,0.7341
iprindole,CN(C)CCCn1c2c(c3ccccc31)CCCCCC2,1,1,1,1,1,2.575,1,0,0,,1.723,0.3897
iproniazid,CC(C)NNC(=O)c1ccncc1,1,0,1,0,0,1.21,0,0,0,cyp_pyridine_heme,1.956,0.703
isomethadone,CCC(=O)C(c1ccccc1)(c1ccccc1)C(C)CN(C)C,1,1,1,1,0,1.953,1,0,0,,1.556,0.7414
isoprednidene,C=C1CC2C3C=CC4=CC(=O)CCC4(C)C3C(O)CC2(C)[C@@]1(O)C(=O)CO,1,1,1,1,0,3.926,1,0,1,acrylamide_warhead,2.246,0.6844
isothamine(profenamine),CCN(CC)C(C)CN1c2ccccc2Sc2ccccc21,1,1,1,0,1,2.298,1,0,0,,2.014,0.3724
ketipramine(ketimipramine),CN(C)CCCN1c2ccccc2CC(=O)c2ccccc21,1,1,1,1,0,2.111,1,0,0,,2.056,0.7306
ketorfanol,O=C1CC[C@H]2[C@H]3Cc4cccc(O)c4[C@@]2(CCN3CC2CC2)C1,1,1,1,1,0,3.18,1,0,0,,2.371,0.739
levoprotiline(oxaprotiline),CNC[C@H](O)CC12CCC(c3ccccc31)c1ccccc12,1,1,1,1,0,2.96,1,0,0,,2.453,0.6622
lirequinil,CCO[C@H]1CCN(C(=O)c2cc(-c3ccccc3)c(=O)n3c2-c2cc(Cl)ccc2CC3)C1,1,1,1,1,0,3.271,1,0,0,cyp_pyridine_heme,3.316,0.6671
litoxetine,c1ccc2cc(COC3CCNCC3)ccc2c1,1,0,1,1,0,1.96,1,0,0,,1.933,0.7683
lobeline,CN1C(CC(=O)c2ccccc2)CCCC1CC(O)c1ccccc1,1,1,1,1,0,2.809,1,0,0,,1.933,0.74
lodaxaprine,OC1CCN(c2ccc(-c3ccccc3Cl)nn2)CC1,1,1,1,1,0,2.05,1,0,0,,2.883,0.7804
lorcinadol,Clc1ccc(N2CCN(C/C=C/c3ccccc3)CC2)nn1,1,1,1,1,0,2.137,1,0,0,,2.847,0.7949
loreclezole,Cl/C(=C\n1cncn1)c1ccc(Cl)cc1Cl,1,0,1,1,0,2.02,1,0,0,,4.225,0.717
losindole,CN1C[C@@H]2Cc3ccc(Cl)cc3[C@@H](c3ccccc3)[C@@H]2C1,1,1,1,1,0,3.128,1,0,0,,2.691,0.7632
maroxepin,CN1CCC2=C(CC1)c1ccccc1Oc1ccccc12,1,1,1,1,0,2.504,1,0,0,,2.275,0.7594
mazapertine,CC(C)Oc1ccccc1N1CCN(Cc2cccc(C(=O)N3CCCCC3)c2)CC1,1,1,1,1,0,2.42,1,0,0,,2.284,0.7504
medifoxamine,CN(C)CC(Oc1ccccc1)Oc1ccccc1,1,0,1,1,0,1.78,1,0,0,,1.874,0.7176
mefeclorazine,COc1ccc(CCN2CCN(c3cccc(Cl)c3)CC2)cc1OC,1,1,1,1,0,2.07,1,0,0,,2.68,0.771
menitrazepam,CN1C(=O)CN=C(C2=CCCCC2)c2cc([N+](=O)[O-])ccc21,1,1,1,1,0,2.04,1,0,0,,2.418,0.6667
mephenytoin,CCC1(c2ccccc2)NC(=O)N(C)C1=O,1,0,1,1,0,1.87,1,0,0,,2.083,0.7395
mephobarbital(methylphenobarbital),CCC1(c2ccccc2)C(=O)NC(=O)N(C)C1=O,1,0,1,1,0,1.941,1,0,0,,2.187,0.7289
mepiprazole,Cc1cc(CCN2CCN(c3cccc(Cl)c3)CC2)n[nH]1,1,1,1,1,0,1.945,1,0,0,,2.764,0.7975
meprednisone,C[C@H]1C[C@H]2[C@@H]3CCC4=CC(=O)C=C[C@]4(C)[C@H]3C(=O)C[C@]2(C)[C@@]1(O)C(=O)CO,1,1,1,1,0,3.872,1,0,1,acrylamide_warhead,2.21,0.7279
metaclazepam,COCC1CN=C(c2ccccc2Cl)c2cc(Br)ccc2N1C,1,1,1,1,0,2.427,1,0,0,,3.33,0.7331
metamfepramone,CC(C(=O)c1ccccc1)N(C)C,1,0,1,0,0,1.424,1,0,0,,1.471,0.6904
metapramine,CNC1Cc2ccccc2N(C)c2ccccc21,1,0,1,1,0,2.36,1,0,0,,2.033,0.7683
metaxalone,Cc1cc(C)cc(OCC2CNC(=O)O2)c1,1,0,1,1,0,1.77,1,0,0,,2.017,0.6974
metazocine,CC1C2Cc3ccc(O)cc3C1(C)CCN2C,1,0,1,1,0,2.42,1,0,0,,1.773,0.7473
metetoin,CCC1(c2ccccc2)C(=O)NC(=O)N1C,1,0,1,1,0,1.87,1,0,0,,2.083,0.7391
methastyridone,CC1(C)NC(=O)C(/C=C/c2ccccc2)O1,1,0,1,1,0,1.901,1,0,0,,1.916,0.7534
methiomeprazine(levometiomeprazine),CSc1ccc2c(c1)N(CC(C)CN(C)C)c1ccccc1S2,1,1,1,0,0,2.318,1,0,0,,2.127,0.723
methsuximide(mesuximide),CN1C(=O)CC(C)(c2ccccc2)C1=O,1,0,1,1,0,1.85,1,0,0,,1.933,0.7134
methylprednisolone-aceponate,CC(=O)OCC(=O)[C@@]1(O)CC[C@H]2[C@@H]3C[C@H](C)C4=CC(=O)C=C[C@]4(C)[C@H]3[C@@H](O)C[C@@]21C,1,1,1,1,0,4.15,1,0,1,acrylamide_warhead,2.233,0.6984
methylprednisolone-acetate,C[C@H]1C[C@@H]2[C@H]([C@@H](O)C[C@@]3(C)[C@H]2CC[C@]3(O)C(=O)COC(=O)CCC(=O)O)[C@@]2(C)C=CC(=O)C=C12,1,1,0,1,0,4.249,0,0,1,acrylamide_warhead,2.352,0.6098
metitepine(methiothepin),CSc1ccc2c(c1)C(N1CCN(C)CC1)Cc1ccccc1S2,1,1,1,1,1,2.65,1,0,0,,2.38,0.3876
metomidate,COC(=O)c1cncn1C(C)c1ccccc1,1,0,1,1,0,2.013,1,0,0,,2.121,0.7266
mezepine,CNCCCN1Cc2ccccc2Cc2ccccc21,1,1,1,1,0,2.05,1,0,0,,1.933,0.7874
milenperone,O=C(c1ccc(F)cc1)C1CCN(CCCn2c(=O)[nH]c3cc(Cl)ccc32)CC1,1,1,1,1,0,2.544,1,0,0,cyp_imidazole_heme,3.633,0.7268
milipertine,COc1cc2[nH]c(C)c(CCN3CCN(c4ccccc4OC)CC3)c2cc1OC,1,1,1,1,1,2.5,1,0,0,,2.467,0.3469
milnacipran,CCN(CC)C(=O)[C@]1(c2ccccc2)C[C@@H]1CN,1,0,1,1,0,1.92,1,0,0,,1.673,0.7117
mindoperone,COc1ccc2c(C3CCN(CCCC(=O)c4ccc(F)cc4)CC3)c(C)[nH]c2c1,1,1,1,0,1,2.52,1,0,0,,2.88,0.3304
mirfentanil,O=C(c1ccco1)N(c1cnccn1)C1CCN(CCc2ccccc2)CC1,1,1,1,1,0,2.578,1,0,0,cyp_terminal_furan,2.588,0.7214
modaline,Cc1nccnc1N1CCCCC1,1,0,1,0,0,1.24,1,0,0,,1.812,0.7442
mofegiline,NC/C(=C/F)CCc1ccc(F)cc1,1,0,1,0,0,1.303,1,0,0,,2.725,0.7682
molindone,CCc1c(C)[nH]c2c1C(=O)C(CN1CCOCC1)CC2,1,1,1,1,0,1.875,1,0,0,,1.95,0.7911
nafenodone(dexnafenodone),CN(C)CC[C@]1(c2ccccc2)CCc2ccccc2C1=O,1,1,1,1,0,2.32,1,0,0,,1.893,0.763
napitane,c1ccc(C2CCN(CC3CCCc4c3ccc3c4OCO3)C2)cc1,1,1,1,1,0,3.205,1,0,0,cyp_methylenedioxyphenyl,2.496,0.787
naranol,CC1CN(C)CC2Cc3c(ccc4ccccc34)OC12O,1,1,1,1,0,3.037,1,0,0,,2.273,0.7609
nealbarbital,C=CCC1(CC(C)(C)C)C(=O)NC(=O)NC1=O,1,0,1,1,0,1.0,1,0,0,,1.716,0.6841
nebracetam,NCC1CC(=O)N(Cc2ccccc2)C1,1,0,1,1,0,1.75,0,0,0,,1.867,0.7252
nefopam,CN1CCOC(c2ccccc2)c2ccccc2C1,1,0,1,1,0,3.127,1,0,0,,1.98,0.7228
nemonapride,CNc1cc(OC)c(C(=O)N[C@@H]2CCN(Cc3ccccc3)[C@@H]2C)cc1Cl,1,1,1,1,0,2.633,1,0,0,cyp_aniline,2.762,0.7144
nerisopam,COc1cc2c(cc1OC)C(c1ccc(N)cc1)=NN=C(C)C2,1,1,1,1,0,2.243,1,0,0,cyp_aniline,2.374,0.7395
nicodicodine,COc1ccc2c3c1OC1C(OC(=O)c4cccnc4)CCC4C(C2)N(C)CCC341,1,1,1,1,0,4.95,1,0,0,cyp_pyridine_heme,3.0,0.6835
nonaperone,O=C(CCCN1CC2CCC(CC2)C1)c1ccc(F)cc1,1,1,1,1,0,2.087,1,0,0,,2.64,0.7707
norcodeine,COc1ccc2c3c1OC1C(O)C=CC4C(C2)NCCC341,1,1,1,1,0,4.385,1,0,0,,2.648,0.7298
normethadone,CCC(=O)C(CCN(C)C)(c1ccccc1)c1ccccc1,1,1,1,1,0,1.72,1,0,0,,1.593,0.7372
ocfentanil,COCC(=O)N(c1ccccc1F)C1CCN(CCc2ccccc2)CC1,1,1,1,1,0,2.099,1,0,0,,2.628,0.7298
odapipam,CN1CCc2cc(Cl)c(O)cc2[C@@H](c2cccc3c2OCC3)C1,1,1,1,1,0,2.668,1,0,0,,2.927,0.7211
olanzapine,Cc1cc2c(s1)=Nc1ccccc1NC=2N1CCN(C)CC1,1,1,1,1,0,2.416,1,0,0,cyp_terminal_thiophene; cyp_aniline,2.599,0.7899
opipramol,OCCN1CCN(CCCN2c3ccccc3C=Cc3ccccc32)CC1,1,1,1,1,0,2.47,1,0,0,,2.331,0.7827
oxanamide,NC(=O)C1CCCCO1,1,0,1,0,0,1.0,0,0,0,,1.633,0.6071
oxazolam,C[C@@H]1CN2CC(=O)Nc3ccc(Cl)cc3[C@]2(c2ccccc2)O1,1,1,1,1,0,3.027,1,0,0,,3.13,0.7747
oxilorphan,Oc1ccc2c(c1)[C@@]13CCCC[C@@]1(O)[C@@H](C2)N(CC1CC1)CC3,1,1,1,1,0,3.12,1,0,0,,2.331,0.7526
oxomemazine,CC(CN(C)C)CN1c2ccccc2S(=O)(=O)c2ccccc21,1,1,1,1,1,2.36,1,0,0,,2.286,0.3367
oxypertine,COc1cc2[nH]c(C)c(CCN3CCN(c4ccccc4)CC3)c2cc1OC,1,1,1,1,1,2.49,1,0,0,,2.423,0.3755
oxyridazine,COc1ccc2c(c1)N(CCC1CCCCN1C)c1ccccc1S2,1,1,1,0,0,2.636,1,0,0,,2.337,0.7356
paramethadione,CCC1(C)OC(=O)N(C)C1=O,1,0,1,0,0,1.0,0,0,0,,1.819,0.6917
paramethasone,C[C@@H]1C[C@H]2[C@@H]3C[C@H](F)C4=CC(=O)C=C[C@]4(C)[C@H]3[C@@H](O)C[C@]2(C)[C@@]1(O)C(=O)CO,1,1,1,1,0,4.337,1,0,1,acrylamide_warhead,2.761,0.7317
parapropamol,CCC(=O)Nc1ccc(O)cc1,1,0,1,0,0,1.323,1,0,0,,1.872,0.6669
paraxazone,NC(=O)CN1C(=O)COc2ccccc21,1,0,1,1,0,1.76,0,0,0,,2.44,0.7012
penciclovir,Nc1nc(=O)c2ncn(CCC(CO)CO)c2[nH]1,1,0,1,1,0,1.46,0,0,0,,2.533,0.6139
pentamoxane,CC(C)CCNCC1COc2ccccc2O1,1,0,1,1,0,1.604,1,0,0,,1.672,0.7536
pentylenetetrazole(pentetrazol),C1CCc2nnnn2CC1,1,0,1,0,0,1.0,0,0,0,,2.133,0.6907
periciazine,N#Cc1ccc2c(c1)N(CCCN1CCC(O)CC1)c1ccccc1S2,1,1,1,1,0,2.463,1,0,0,,2.472,0.7716
perimetazine,COc1ccc2c(c1)N(CC(C)CN1CCC(O)CC1)c1ccccc1S2,1,1,1,1,0,2.645,1,0,0,,2.392,0.7458
perisoxal,OC(CN1CCCCC1)c1cc(-c2ccccc2)on1,1,1,1,1,0,2.175,1,0,0,,2.15,0.78
phacetoperane,CC(=O)OC(c1ccccc1)C1CCCCN1,1,0,1,1,0,1.94,1,0,0,,1.729,0.7647
phenaglycodol,CC(C)(O)C(C)(O)c1ccc(Cl)cc1,1,0,1,1,0,1.335,1,0,0,,2.079,0.6763
phendimetrazine,C[C@H]1[C@H](c2ccccc2)OCCN1C,1,0,1,0,0,1.88,1,0,0,,1.629,0.7522
pheniprazine,CC(Cc1ccccc1)NN,1,0,1,0,0,1.42,1,0,0,,1.579,0.6716
phenomorphan,Oc1ccc2c(c1)C13CCCCC1C(C2)N(CCc1ccccc1)CC3,1,1,1,1,0,3.42,1,0,0,,2.331,0.7675
pimethixene,CN1CCC(=C2c3ccccc3Sc3ccccc32)CC1,1,1,1,1,1,2.504,1,0,0,,2.275,0.3718
piminodine,CCOC(=O)C1(c2ccccc2)CCN(CCCNc2ccccc2)CC1,1,1,1,1,0,2.068,1,0,0,cyp_aniline,1.997,0.6843
pinazepam,C#CCN1C(=O)CN=C(c2ccccc2)c2cc(Cl)ccc21,1,1,1,1,0,2.357,1,0,0,,2.857,0.7426
pipotiazine,CN(C)S(=O)(=O)c1ccc2c(c1)N(CCCN1CCC(CCO)CC1)c1ccccc1S2,1,0,1,1,0,2.44,1,0,0,,2.55,0.6858
pipradrol,OC(c1ccccc1)(c1ccccc1)C1CCCCN1,1,1,1,1,0,2.3,1,0,0,,1.933,0.764
piribedil,c1cnc(N2CCN(Cc3ccc4c(c3)OCO4)CC2)nc1,1,1,1,1,0,2.39,1,0,0,cyp_methylenedioxyphenyl,2.718,0.7925
pizotifen,CN1CCC(=C2c3ccccc3CCc3sccc32)CC1,1,1,1,1,0,2.378,1,0,0,cyp_terminal_thiophene,2.191,0.7653
prednisolone-acetate,CC(=O)OCC(=O)[C@@]1(O)CC[C@H]2[C@@H]3CCC4=CC(=O)C=C[C@]4(C)[C@H]3[C@@H](O)C[C@@]21C,1,1,1,1,0,3.895,1,0,1,acrylamide_warhead,2.264,0.665
prednisolone-hemisuccinate,C[C@]12C=CC(=O)C=C1CC[C@@H]1[C@@H]2[C@@H](O)C[C@@]2(C)[C@H]1CC[C@]2(O)C(=O)COC(=O)CCC(=O)[O-],0,1,0,1,0,3.994,0,0,1,acrylamide_warhead,2.383,0.6334
prednival,CCCCC(=O)OC1(C(=O)CO)CCC2C3CCC4=CC(=O)C=CC4(C)C3C(O)CC21C,1,1,1,1,0,3.913,1,0,1,acrylamide_warhead,2.178,0.704
premazepam,Cc1c2c(cn1C)NC(=O)CN=C2c1ccccc1,1,0,1,1,0,2.19,1,0,0,,2.372,0.6949
prideperone,COc1ccc(C#N)cc1C(=O)NCCN1CCC(C(=O)c2ccc(F)cc2)CC1,1,1,1,1,0,2.233,1,0,0,,2.822,0.6793
procinonide,CCC(=O)OCC(=O)[C@@]12OC(C)(C)O[C@@H]1CC1C3C[C@H](F)C4=CC(=O)C=CC4(C)[C@@]3(F)C(O)CC12C,1,0,1,1,0,4.831,0,0,1,acrylamide_warhead,3.657,0.6936
profexalone,CCCNC(=O)N1CC(c2ccccc2)OC1=O,1,0,1,1,0,1.848,1,0,0,,2.126,0.7673
propoxate,CCCOC(=O)c1cncn1C(C)c1ccccc1,1,0,1,1,0,1.93,1,0,0,,1.965,0.7085
prosulpride,CCCN1CCCC1CNC(=O)c1cc(S(N)(=O)=O)ccc1OC,1,1,1,1,0,1.755,0,0,0,,2.15,0.6325
prothipendyl,CN(C)CCCN1c2ccccc2Sc2cccnc21,1,1,1,1,0,2.075,1,0,0,cyp_pyridine_heme,2.25,0.7902
pyrithyldione,CCC1(CC)C(=O)C=CNC1=O,1,0,1,0,0,1.0,1,0,1,acrylamide_warhead,1.606,0.6827
pyrovalerone,CCCC(C(=O)c1ccc(C)cc1)N1CCCC1,1,0,1,1,0,1.635,1,0,0,,1.483,0.712
quinupramine,c1ccc2c(c1)CCc1ccccc1N2C1CN2CCC1CC2,1,1,1,1,0,3.296,1,0,0,,2.718,0.7866
ralitoline,Cc1cccc(Cl)c1NC(=O)/C=C1\SCC(=O)N1C,1,0,1,1,0,1.803,1,0,1,acrylamide_warhead,2.863,0.7213
razobazam,Cc1[nH]nc2c1N(c1ccccc1)C(=O)CC(=O)N2C,1,1,1,1,0,2.193,1,0,0,,2.629,0.6741
reboxetine,CCOc1ccccc1O[C@@H](c1ccccc1)[C@@H]1CNCCO1,1,1,1,1,0,2.568,1,0,0,,2.127,0.7761
remoxipride,CCN1CCC[C@H]1CNC(=O)c1c(OC)ccc(Br)c1OC,1,1,1,1,0,1.715,1,0,0,,2.468,0.7195
revospirone,O=C1c2ccccc2S(=O)(=O)N1CCCN1CCN(c2ncccn2)CC1,1,1,1,1,0,2.473,0,0,0,,2.889,0.7292
rilapine,CN1CCN(C2=Cc3cc(Cl)ccc3/C(=C\C#N)c3ccccc32)CC1,1,1,1,1,0,2.647,1,0,0,,2.98,0.762
riluzole,Nc1nc2ccc(OC(F)(F)F)cc2s1,1,0,1,1,0,1.85,1,0,0,,4.4,0.7347
roflurane,COC(F)(F)C(F)Br,1,0,1,0,0,1.0,1,0,1,haloacetamide_warhead,4.075,0.7229
roletamide,COc1cc(C(=O)/C=C/N2CC=CC2)cc(OC)c1OC,1,1,1,1,0,1.745,1,0,1,acrylamide_warhead,2.064,0.6179
rolziracetam,O=C1CCC2CCC(=O)N12,1,0,1,0,0,1.043,0,0,0,,1.929,0.6647
ropizine,Cc1cccc(/C=N/N2CCN(C(c3ccccc3)c3ccccc3)CC2)n1,1,1,1,1,1,2.66,1,0,0,cyp_pyridine_heme,2.429,0.3678
rufinamide,NC(=O)c1cn(Cc2c(F)cccc2F)nn1,1,0,1,1,0,1.92,0,0,0,,3.755,0.7291
sabeluzole,CN(c1nc2ccccc2s1)C1CCN(CC(O)COc2ccc(F)cc2)CC1,1,1,1,1,0,2.739,1,0,0,,3.097,0.7084
seproxetine,NCCC(Oc1ccc(C(F)(F)F)cc1)c1ccccc1,1,1,1,1,0,2.07,1,0,0,,3.614,0.7664
setoperone,Cc1nc2n(c(=O)c1CCN1CCC(C(=O)c3ccc(F)cc3)CC1)CCS2,1,1,1,1,0,2.389,1,0,0,,3.069,0.6773
sipatrigine,CN1CCN(c2ncc(-c3cc(Cl)cc(Cl)c3Cl)c(N)n2)CC1,1,1,1,1,0,2.11,1,0,0,,4.177,0.7782
spiclamine,Clc1ccc([C@@H]2[C@H]3CC[C@@H](C3)C23CCC(N2CCOCC2)=N3)cc1,1,1,1,1,0,4.05,1,0,0,,2.98,0.8189
spiroxatrine,O=C1NCN(c2ccccc2)C12CCN(CC1COc3ccccc3O1)CC2,1,1,1,1,0,3.669,1,0,0,,2.816,0.7909
sulazepam,CN1C(=S)CN=C(c2ccccc2)c2cc(Cl)ccc21,1,1,1,1,0,2.3,1,0,0,,2.9,0.749
sulfonethylmethane,CCC(C)(S(=O)(=O)CC)S(=O)(=O)CC,1,0,1,1,0,1.0,0,0,0,,1.486,0.7119
sulpiride,CCN1CCCC1CNC(=O)c1cc(S(N)(=O)=O)ccc1OC,1,1,1,1,0,1.77,0,0,0,,2.217,0.6354
supidimide,O=C1NCCCC1N1C(=O)c2ccccc2S1(=O)=O,1,0,1,1,0,2.28,0,0,0,,2.739,0.7437
taclamine,c1ccc2c(c1)CCc1cccc3c1C2CN1CCCCC31,1,1,1,1,0,3.176,1,0,0,,2.294,0.7678
talbutal,C=CCC1(C(C)CC)C(=O)NC(=O)NC1=O,1,0,1,1,0,1.265,0,0,0,,1.801,0.6861
tenilapine,CN1CCN(C2=Nc3cscc3/C(=C/C#N)c3cscc32)CC1,1,1,1,1,0,2.507,1,0,0,cyp_terminal_thiophene,2.747,0.7167
teniloxazine,c1csc(Cc2ccccc2OCC2CNCCO2)c1,1,1,1,1,0,2.25,1,0,0,cyp_terminal_thiophene,2.2,0.7828
tetrazepam,CN1C(=O)CN=C(C2=CCCCC2)c2cc(Cl)ccc21,1,1,1,1,0,2.0,1,0,0,,2.7,0.7658
thiotetrabarbital,CCCC(CC)C1(CC)C(=O)NC(=S)NC1=O,1,0,1,1,0,1.04,1,0,0,,1.582,0.701
tiapride,CCN(CC)CCNC(=O)c1cc(S(C)(=O)=O)ccc1OC,1,1,1,1,0,1.15,1,0,0,,1.828,0.6944
ticabesone(ticabesone-propionate),CCC(=O)O[C@]1(C(=O)SC)[C@H](C)CC2C3C[C@H](F)C4=CC(=O)C=CC4(C)[C@@]3(F)[C@@H](O)C[C@@]21C,1,0,1,1,0,4.446,1,0,1,acrylamide_warhead,3.351,0.724
tienopramine,CN(C)CCCN1c2ccccc2C=Cc2sccc21,1,1,1,1,0,2.097,1,0,0,cyp_terminal_thiophene,2.115,0.7616
tiflucarbine,CCN1CCc2[nH]c3cc(F)c4scc(C)c4c3c2C1,1,1,1,1,0,2.35,1,0,0,cyp_terminal_thiophene,3.0,0.7558
tiletamine,CCNC1(c2cccs2)CCCCC1=O,1,0,1,1,0,1.55,1,0,0,cyp_terminal_thiophene,1.733,0.7581
timobesone,CSC(=O)C1(O)C(C)CC2C3CCC4=CC(=O)C=CC4(C)C3(F)C(O)CC21C,1,1,1,1,0,4.087,1,0,1,acrylamide_warhead,2.761,0.7419
tolboxane,CCCC1(C)COB(c2ccc(C)cc2)OC1,1,0,1,1,0,1.354,1,0,0,,1.672,0.7579
toloxatone,Cc1cccc(N2CC(CO)OC2=O)c1,1,0,1,1,0,1.814,1,0,0,,2.109,0.6885
tomoxetine,CNCC[C@@H](Oc1ccccc1C)c1ccccc1,1,0,1,1,0,1.977,1,0,0,,1.68,0.7239
toprilidine,Cc1ccccc1N1CCN(CCCOc2ccccn2)CC1,1,1,1,1,0,2.005,1,0,0,cyp_pyridine_heme,2.085,0.755
trepipam(trimopam),COc1cc2c(cc1OC)[C@@H](c1ccccc1)CN(C)CC2,1,1,1,1,0,2.298,1,0,0,,2.014,0.7662
triamcinolone-acetonide,CC1(C)O[C@@H]2C[C@H]3[C@@H]4CCC5=CC(=O)C=C[C@]5(C)[C@@]4(F)[C@@H](O)C[C@]3(C)[C@]2(C(=O)CO)O1,1,1,1,1,0,4.47,1,0,1,acrylamide_warhead,3.077,0.7502
triamcinolone-diacetate,CC(=O)OCC(=O)[C@@]1(O)[C@H](OC(C)=O)C[C@H]2[C@@H]3CCC4=CC(=O)C=C[C@]4(C)[C@@]3(F)[C@@H](O)C[C@@]21C,1,1,1,1,0,4.264,0,0,1,acrylamide_warhead,2.95,0.6985
triamcinolone-hexacetonide,CC(C)(C)CC(=O)OCC(=O)[C@@]12OC(C)(C)O[C@@H]1C[C@H]1[C@@H]3CCC4=CC(=O)C=C[C@]4(C)[C@@]3(F)[C@@H](O)C[C@@]12C,1,0,1,1,0,4.59,0,0,1,acrylamide_warhead,3.018,0.6776
triclacetamol,O=C(Nc1ccc(O)cc1)C(Cl)(Cl)Cl,1,0,1,1,0,1.48,1,0,1,haloacetamide_warhead,3.986,0.6475
triflubazam,CN1C(=O)CC(=O)N(c2ccccc2)c2cc(C(F)(F)F)ccc21,1,1,1,1,0,2.318,1,0,0,,4.134,0.7287
trifluomeprazine,CC(CN(C)C)CN1c2ccccc2Sc2ccc(C(F)(F)F)cc21,1,1,1,0,0,2.358,0,0,0,,3.825,0.7332
trimethadione,CN1C(=O)OC(C)(C)C1=O,1,0,1,0,0,1.0,0,0,0,,1.967,0.6537
tropapride,COc1cccc(C(=O)NC2C[C@H]3CC[C@@H](C2)N3Cc2ccccc2)c1OC,1,1,1,1,0,3.188,1,0,0,,2.388,0.7621
tuclazepam,CN1c2ccccc2C(c2ccccc2Cl)=NCC1(Cl)CO,1,1,1,1,0,2.458,1,0,1,haloacetamide_warhead,3.394,0.7272
ulobetasol,CC1CC2C3CC(F)C4=CC(=O)C=CC4(C)C3(F)C(O)CC2(C)C1(O)C(=O)CCl,1,1,1,1,0,4.357,1,0,1,acrylamide_warhead; haloacetamide_warhead,3.842,0.7385
valdetamide,C=CCC(CC)(CC)C(N)=O,1,0,1,0,0,1.0,1,0,0,,1.012,0.7111
valnoctamide,CCC(C)C(CC)C(N)=O,1,0,1,0,0,1.0,1,0,0,,1.0,0.724
valperinol,CO[C@@H]1O[C@H]2O[C@@]3(CN4CCCCC4)[C@@H]1[C@H](C[C@@H]3O)[C@H]2C,1,1,1,1,0,3.72,1,0,0,,2.414,0.6717
valpromide,CCCC(CCC)C(N)=O,1,0,1,0,0,1.0,1,0,0,,1.0,0.7174
vinbarbital,CC/C=C(\C)C1(CC)C(=O)NC(=O)NC1=O,1,0,1,1,0,1.015,1,0,0,,1.801,0.6773
vinylbital,C=CC1(C(C)CCC)C(=O)NC(=O)NC1=O,1,0,1,1,0,1.265,0,0,0,,1.801,0.6905
viqualine,C=CC1CNCCC1CCCc1ccnc2ccc(OC)cc12,1,1,1,1,0,2.47,1,0,0,cyp_pyridine_heme,1.931,0.7769
xanomeline,CCCCCCOc1nsnc1C1=CCCN(C)C1,1,0,1,1,0,1.223,1,0,0,,1.818,0.7593
zaleplon,CCN(C(C)=O)c1cccc(-c2ccnc3c(C#N)cnn23)c1,1,1,1,1,0,2.298,1,0,0,,2.541,0.6937
zomebazam,Cc1nn(C)c2c1N(c1ccccc1)C(=O)CC(=O)N2C,1,1,1,1,0,2.15,1,0,0,,2.544,0.6804
zometapine,CC1=C2C(c3cccc(Cl)c3)=NCCN=C2N(C)N1,1,0,1,1,0,2.087,1,0,0,,2.961,0.7524
nitrous-oxide,[N-]=[N+]=O,1,0,1,0,1,1.06,0,0,0,,4.0,0.2677
licostinel,O=c1[nH]c2cc(Cl)c(Cl)c([N+](=O)[O-])c2[nH]c1=O,1,0,1,1,0,2.04,1,0,0,,4.188,0.5581
ademetionine(adenosyl-methionine),C[S+](CC[C@H](N)C(=O)[O-])C[C@H]1O[C@@H](n2cnc3c(N)ncnc32)[C@H](O)[C@@H]1O,0,0,0,0,0,3.37,0,0,0,,2.753,0.5104
mesocarb,CC(Cc1ccccc1)n1cc([N-]C(=O)Nc2ccccc2)[o+]n1,1,1,1,1,0,2.58,1,0,0,,2.517,0.6938
tofisoline,CCc1c(C)[n+]([NH-])c(-c2ccc(OC)c(OC)c2)c2cc(OC)c(OC)cc12,1,1,1,1,0,2.228,1,0,0,cyp_pyridine_heme,2.288,0.671
azidamfenicol,[N-]=[N+]=NCC(=O)N[C@H](CO)[C@H](O)c1ccc([N+](=O)[O-])cc1,0,1,0,0,1,1.834,0,0,0,,2.438,0.2295
